t0,t1,t2,t3,t4,t5,t6
825,329,327,597,741,79,826
825,646,73,163,785,325,826
825,329,318,733,703,325,826
825,329,108,198,524,325,826
825,725,627,724,85,325,826
825,329,354,122,421,325,826
825,329,448,690,500,606,826
825,646,704,167,678,325,826
825,329,234,138,81,325,826
825,329,333,98,431,325,826
825,646,645,598,682,325,826
825,329,71,9,248,325,826
825,329,514,149,12,325,826
825,646,488,696,562,325,826
825,329,283,166,481,325,826
825,329,812,439,701,325,826
825,646,489,411,67,325,826
825,329,614,820,325,390,826
825,329,363,686,495,325,826
825,646,804,54,522,79,826
825,329,737,662,325,373,826
825,329,18,9,531,325,826
825,676,793,63,675,325,826
825,329,397,175,505,325,826
825,329,318,493,81,325,826
825,646,71,653,545,79,826
825,329,230,253,711,325,826
825,329,125,198,375,325,826
825,646,497,133,678,325,826
825,329,4,415,117,325,826
825,329,333,241,259,325,826
825,646,745,637,357,79,826
825,329,514,580,556,325,826
825,329,467,661,310,325,826
825,646,802,171,281,325,826
825,329,256,597,557,79,826
825,329,499,223,716,325,826
825,646,692,698,368,79,826
825,329,136,39,699,79,826
825,329,487,401,767,325,826
825,57,306,791,66,325,826
825,329,363,197,300,325,826
825,329,810,462,711,325,826
825,646,123,253,586,325,826
825,329,614,732,441,325,826
825,329,78,241,369,79,826
825,646,497,579,505,325,826
825,329,488,170,701,325,826
825,329,815,470,25,325,826
825,646,409,166,480,79,826
825,329,71,650,561,325,826
825,329,230,149,105,325,826
825,471,327,10,357,79,826
825,329,634,698,268,325,826
825,329,744,387,524,325,826
825,646,338,42,428,325,826
825,329,559,653,606,49,826
825,329,283,593,741,325,826
825,646,704,133,161,79,826
825,329,232,209,556,325,826
825,329,530,694,222,325,826
825,646,627,164,252,325,826
825,329,349,266,767,325,826
825,329,737,698,29,79,826
825,646,634,412,513,325,826
825,329,71,163,753,325,826
825,329,125,468,328,79,826
825,646,309,138,779,325,826
825,329,704,733,524,325,826
825,329,333,432,537,325,826
825,646,499,655,545,325,826
825,329,18,141,11,325,826
825,329,514,198,521,325,826
825,646,241,678,325,237,826
825,329,206,712,369,79,826
825,329,487,8,672,325,826
825,725,2,425,79,61,826
825,329,514,599,357,325,826
825,329,448,149,481,325,826
825,646,332,122,558,79,826
825,329,123,253,588,325,826
825,329,71,637,376,325,826
825,646,176,698,35,79,826
825,329,805,93,741,325,826
825,329,216,439,300,79,826
825,646,397,412,67,325,826
825,329,497,451,524,325,826
825,329,736,9,30,79,826
825,646,467,146,507,325,826
825,329,704,174,357,79,826
825,329,596,389,767,325,826
825,646,773,166,161,325,826
825,329,438,211,556,79,826
825,329,123,98,701,325,826
825,646,319,546,79,691,826
825,329,71,9,765,325,826
825,329,363,178,505,325,826
825,646,704,133,741,79,826
825,329,634,712,12,325,826
825,329,448,253,537,325,826
825,646,499,654,418,325,826
825,329,230,142,607,325,826
825,329,333,597,767,325,826
825,346,629,791,118,325,826
825,329,555,578,481,79,826
825,329,514,698,49,325,826
825,646,349,42,67,325,826
825,329,810,192,743,79,826
825,329,18,440,429,325,826
825,646,499,167,545,325,826
825,329,396,734,774,325,826
825,329,737,218,368,79,826
825,646,633,10,550,79,826
825,329,361,138,161,325,826
825,329,448,661,30,325,826
825,646,692,696,81,79,826
825,329,348,818,522,325,826
825,329,596,312,507,325,826
825,646,33,710,502,325,826
825,329,283,197,558,79,826
825,329,126,470,531,325,826
825,646,749,164,761,79,826
825,329,514,490,705,325,826
825,329,232,223,584,325,826
825,646,16,653,418,79,826
825,329,704,98,768,561,826
825,329,816,142,711,325,826
825,646,559,163,537,79,826
825,329,805,93,21,325,826
825,329,230,493,347,79,826
825,646,349,411,529,79,826
825,329,497,184,159,325,826
825,329,18,431,767,325,826
825,646,611,406,357,325,826
825,329,634,211,556,325,826
825,329,810,694,524,325,826
825,646,136,178,495,79,826
825,329,745,696,558,79,826
825,329,805,241,507,325,826
825,676,793,817,548,325,826
825,329,499,732,441,325,826
825,329,111,140,159,325,826
825,646,446,791,785,325,826
825,329,331,577,545,325,826
825,329,738,198,711,79,826
825,646,559,133,701,325,826
825,329,123,650,364,325,826
825,329,514,462,301,325,826
825,575,488,599,631,79,826
825,329,18,597,161,325,826
825,329,660,311,441,325,826
825,646,397,412,561,325,826
825,329,804,656,347,79,826
825,329,448,9,589,325,826
825,646,236,201,532,79,826
825,329,71,516,30,325,826
825,329,555,439,310,325,826
825,646,692,696,376,79,826
825,329,514,197,521,325,826
825,329,596,253,35,325,826
825,646,804,740,418,325,826
825,329,125,651,556,325,826
825,329,737,387,423,325,826
825,646,611,39,67,79,826
825,329,811,821,707,79,826
825,329,805,686,495,325,826
825,646,306,722,85,79,826
825,329,488,637,780,325,826
825,329,559,95,643,79,826
825,646,234,405,715,325,826
825,329,208,131,159,325,826
825,329,17,223,340,325,826
825,646,71,122,161,325,826
825,329,634,175,767,325,826
825,329,363,463,25,325,826
825,646,608,61,325,628,826
825,329,136,733,441,79,826
825,329,316,198,70,325,826
825,646,3,98,106,79,826
825,329,348,685,705,79,826
825,329,18,7,375,325,826
825,646,704,577,357,325,826
825,329,125,253,441,325,826
825,329,497,494,644,325,826
825,646,234,171,281,325,826
825,329,634,43,130,325,826
825,329,487,200,560,325,826
825,725,5,721,546,79,826
825,329,448,597,777,325,826
825,329,333,464,531,325,826
825,646,256,133,81,325,826
825,329,97,486,507,79,826
825,329,362,385,223,325,826
825,646,71,189,557,79,826
825,329,125,733,30,325,826
825,329,499,242,378,325,826
825,646,736,122,718,79,826
825,329,812,166,522,79,826
825,329,487,694,517,325,826
825,646,559,173,753,79,826
825,329,508,787,367,79,826
825,329,363,311,429,325,826
825,646,125,140,378,325,826
825,329,704,562,662,325,826
825,329,450,217,423,79,826
825,646,626,436,762,325,826
825,329,499,652,741,325,826
825,329,530,198,643,325,826
825,646,136,796,81,79,826
825,329,514,824,25,325,826
825,329,509,462,81,325,826
825,798,234,242,557,79,826
825,329,256,733,257,325,826
825,329,17,141,11,325,826
825,646,97,659,700,325,826
825,329,634,698,505,325,826
825,329,295,640,30,325,826
825,646,616,597,161,79,826
825,329,333,163,369,325,826
825,329,448,690,606,495,826
825,646,803,138,300,325,826
825,782,125,388,159,325,826
825,329,744,182,277,325,826
825,646,71,578,545,325,826
825,329,206,203,556,325,826
825,329,633,253,345,325,826
825,646,677,214,699,79,826
825,329,397,413,529,325,826
825,329,449,426,27,325,826
825,646,704,731,502,325,826
825,329,499,177,620,325,826
825,329,221,661,74,325,826
825,646,514,686,522,79,826
825,329,349,712,368,79,826
825,329,256,698,30,325,826
825,424,128,724,118,79,826
825,329,333,201,507,325,826
825,329,348,439,632,79,826
825,646,488,42,668,325,826
825,329,361,662,562,325,826
825,329,448,311,524,325,826
825,646,625,818,310,325,826
825,329,745,6,607,79,826
825,329,289,594,517,325,826
825,646,256,163,105,79,826
825,329,136,211,502,79,826
825,329,363,384,159,325,826
825,646,497,686,394,325,826
825,329,18,242,556,325,826
825,329,487,638,376,325,826
825,646,230,244,61,325,826
825,329,165,696,562,79,826
825,329,318,152,757,325,826
825,646,71,585,543,325,826
825,329,438,98,643,79,826
825,329,221,759,701,325,826
825,646,704,733,12,79,826
825,329,236,822,482,325,826
825,329,555,456,30,325,826
825,191,123,751,85,79,826
825,329,804,207,521,325,826
825,329,108,141,531,325,826
825,646,71,655,49,79,826
825,329,745,698,711,325,826
825,329,810,223,377,325,826
825,646,176,42,266,79,826
825,329,243,794,562,79,826
825,329,33,98,495,325,826
825,646,336,9,617,325,826
825,329,97,151,11,325,826
825,329,18,180,688,325,826
825,646,256,93,707,325,826
825,329,136,413,380,79,826
825,329,815,468,507,325,826
825,646,629,437,547,79,826
825,329,467,824,298,325,826
825,329,125,122,105,325,826
825,646,692,141,562,79,826
825,329,71,192,502,325,826
825,329,318,382,323,325,826
825,646,611,186,418,325,826
825,329,745,10,481,79,826
825,329,555,698,159,325,826
825,646,109,516,252,325,826
825,329,129,597,741,325,826
825,329,221,170,688,325,826
825,646,514,733,441,325,826
825,782,125,242,370,325,826
825,329,33,313,12,325,826
825,646,499,655,545,79,826
825,329,634,640,421,79,826
825,329,487,456,25,325,826
825,646,489,696,644,79,826
825,329,256,140,700,325,826
825,329,527,207,30,325,826
825,646,514,197,557,79,826
825,329,334,818,49,325,826
825,329,448,690,606,586,826
825,646,135,416,12,79,826
825,329,704,170,711,325,826
825,329,18,149,421,325,826
825,646,97,662,81,325,826
825,329,810,253,340,325,826
825,329,270,227,439,325,826
825,646,397,46,265,79,826
825,329,499,138,753,325,826
825,329,738,219,505,79,826
825,646,804,585,419,325,826
825,329,605,486,563,325,826
825,329,128,9,158,325,826
825,646,628,681,687,79,826
825,329,745,241,105,79,826
825,329,363,258,12,325,826
825,646,234,653,524,79,826
825,329,71,53,345,79,826
825,329,497,139,300,325,826
825,646,749,238,549,325,826
825,329,704,637,562,325,826
825,329,125,170,643,79,826
825,646,612,733,481,325,826
825,329,812,134,24,325,826
825,329,527,430,352,325,826
825,646,634,696,775,325,826
825,329,499,171,518,325,826
825,329,108,455,325,565,826
825,646,155,790,592,79,826
825,329,256,662,524,325,826
825,329,334,141,35,325,826
825,646,488,411,572,325,826
825,329,316,578,707,325,826
825,329,448,638,498,325,826
825,77,629,724,85,79,826
825,329,327,179,11,79,826
825,329,283,447,421,325,826
825,646,509,516,537,325,826
825,329,438,39,21,79,826
825,329,234,166,272,325,826
825,646,692,698,393,79,826
825,329,497,597,743,325,826
825,329,208,223,52,325,826
825,646,704,187,545,325,826
825,329,530,600,823,79,826
825,329,318,496,673,325,826
825,646,20,412,441,325,826
825,329,614,468,104,325,826
825,329,754,148,688,325,826
825,646,361,599,87,703,826
825,329,745,712,257,325,826
825,329,71,694,345,325,826
825,676,677,817,546,325,826
825,329,234,662,741,79,826
825,329,221,462,81,325,826
825,646,349,210,589,79,826
825,329,514,138,202,325,826
825,329,467,9,30,325,826
825,646,633,196,524,325,826
825,329,84,387,375,79,826
825,329,738,147,222,79,826
825,403,776,242,325,127,826
825,329,18,731,11,325,826
825,329,508,470,538,325,826
825,646,611,578,522,325,826
825,329,136,413,310,325,826
825,329,363,597,35,325,826
825,725,2,79,720,546,826
825,329,176,95,711,79,826
825,329,234,6,264,325,826
825,646,514,655,419,325,826
825,329,810,685,505,325,826
825,329,448,311,320,325,826
825,646,123,93,11,325,826
825,329,243,43,376,79,826
825,329,559,690,688,606,826
825,646,333,174,118,325,826
825,329,634,696,246,79,826
825,329,19,387,379,325,826
825,646,230,472,357,325,826
825,329,629,437,719,79,826
825,329,497,431,493,325,826
825,646,438,794,421,79,826
825,329,802,133,55,325,826
825,329,448,9,378,79,826
825,57,363,241,785,325,826
825,329,84,824,25,325,826
825,329,736,217,350,79,826
825,646,499,194,298,325,826
825,329,397,650,105,79,826
825,329,126,166,159,325,826
825,646,682,703,79,319,826
825,329,256,662,705,325,826
825,329,559,453,366,79,826
825,646,33,138,325,252,826
825,329,554,599,356,325,826
825,329,744,693,517,325,826
825,646,749,162,763,79,826
825,329,525,696,484,325,826
825,329,18,181,30,325,826
825,646,499,122,556,325,826
825,329,448,253,496,325,826
825,329,812,132,670,325,826
825,646,125,658,716,325,826
825,329,704,44,161,325,826
825,329,318,439,105,325,826
825,646,135,696,328,79,826
825,329,514,177,23,79,826
825,329,466,661,158,325,826
825,646,256,662,55,325,826
825,329,489,791,49,325,826
825,329,363,141,669,325,826
825,646,488,167,421,79,826
825,329,571,417,561,325,826
825,329,527,275,642,325,826
825,646,499,512,323,325,826
825,329,284,201,62,325,826
825,329,126,311,431,325,826
825,646,596,253,267,325,826
825,329,71,168,741,325,826
825,329,499,462,537,325,826
825,676,2,752,547,79,826
825,329,692,698,30,79,826
825,329,467,351,701,325,826
825,646,704,733,607,325,826
825,329,333,133,376,325,826
825,329,509,382,31,325,826
825,646,363,163,159,325,826
825,329,221,415,323,325,826
825,329,810,686,35,325,826
825,646,514,138,81,325,826
825,329,349,637,529,79,826
825,329,234,166,495,325,826
825,646,396,207,23,79,826
825,329,499,774,818,325,826
825,329,256,9,300,325,826
825,408,626,635,325,127,826
825,329,704,171,520,79,826
825,329,744,98,643,79,826
825,646,126,585,49,325,826
825,329,71,141,371,325,826
825,329,555,456,67,325,826
825,646,497,516,252,325,826
825,329,634,46,556,325,826
825,329,270,433,250,325,826
825,646,331,192,114,79,826
825,329,18,662,707,79,826
825,329,611,639,262,325,826
825,646,645,297,374,325,826
825,329,488,696,495,325,826
825,329,815,253,711,325,826
825,646,596,197,564,325,826
825,329,334,578,418,325,826
825,329,467,140,778,325,826
825,646,704,650,741,79,826
825,329,397,241,67,325,826
825,329,71,386,583,325,826
825,646,489,696,459,79,826
825,329,810,163,532,325,826
825,329,360,428,481,325,826
825,646,71,138,161,325,826
825,329,396,650,41,79,826
825,329,18,180,586,325,826
825,646,2,787,252,79,826
825,329,488,824,421,325,826
825,329,295,694,158,325,826
825,646,497,171,419,325,826
825,329,338,9,524,325,826
825,329,256,451,21,325,826
825,573,614,353,325,127,826
825,329,234,133,607,79,826
825,329,363,698,246,325,826
825,646,71,266,597,325,826
825,329,454,413,556,325,826
825,329,527,253,561,325,826
825,646,410,579,48,79,826
825,329,627,276,118,325,826
825,329,660,566,311,558,826
825,646,738,175,42,79,826
825,329,804,151,301,325,826
825,329,448,572,760,325,826
825,646,497,652,545,325,826
825,329,813,253,619,325,826
825,329,807,9,48,325,826
825,646,677,752,674,325,826
825,329,626,141,505,325,826
825,329,221,198,160,325,826
825,646,704,662,418,325,826
825,329,349,731,779,79,826
825,329,230,153,524,325,826
825,646,488,437,546,79,826
825,329,559,696,371,325,826
825,329,335,98,507,325,826
825,646,256,133,67,325,826
825,329,704,653,81,79,826
825,646,71,695,495,325,826
825,646,645,681,61,79,826
825,329,745,818,15,79,826
825,329,810,439,34,158,826
825,646,289,167,419,325,826
825,329,489,411,687,79,826
825,329,465,595,522,325,826
825,725,627,724,546,79,826
825,329,587,662,161,325,826
825,329,499,698,30,325,826
825,646,284,163,529,79,826
825,329,18,138,12,325,826
825,329,126,9,365,325,826
825,646,497,453,421,325,826
825,329,397,393,797,79,826
825,329,363,456,265,79,826
825,646,514,197,753,325,826
825,329,234,253,378,325,826
825,329,738,387,505,569,826
825,646,704,578,357,325,826
825,329,243,599,619,325,826
825,329,208,217,589,325,826
825,646,331,655,545,325,826
825,329,745,311,25,79,826
825,329,803,140,568,325,826
825,646,448,733,41,325,826
825,329,236,597,287,325,826
825,329,318,203,495,325,826
825,646,499,445,299,325,826
825,329,256,690,606,302,826
825,329,815,493,88,325,826
825,646,488,516,48,79,826
825,329,290,197,72,325,826
825,329,33,381,105,325,826
825,646,802,169,56,325,826
825,329,71,686,558,79,826
825,329,555,181,586,325,826
825,646,749,164,541,79,826
825,329,438,413,11,325,826
825,329,571,223,524,325,826
825,646,692,696,30,79,826
825,329,810,599,231,325,826
825,329,805,142,703,325,826
825,646,590,166,779,569,826
825,329,59,39,21,325,826
825,329,514,351,366,325,826
825,646,704,585,99,325,826
825,329,224,138,105,325,826
825,329,256,10,706,325,826
825,646,155,118,79,795,826
825,329,559,697,643,569,826
825,329,660,203,23,325,826
825,646,526,411,483,325,826
825,329,354,197,246,325,826
825,329,18,215,690,35,826
825,646,587,133,81,325,826
825,329,497,9,556,325,826
825,329,449,698,384,325,826
825,646,596,253,806,325,826
825,329,514,170,231,325,826
825,329,363,444,701,79,826
825,646,488,437,325,764,826
825,329,611,656,545,325,826
825,329,126,382,561,325,826
825,646,571,122,222,325,826
825,329,704,38,688,325,826
825,329,256,200,160,325,826
825,646,295,640,552,79,826
825,329,634,818,713,325,826
825,329,71,140,537,325,826
825,646,645,94,481,79,826
825,329,230,475,519,569,826
825,329,626,207,105,325,826
825,646,749,164,541,79,826
825,329,233,445,604,325,826
825,329,71,597,364,325,826
825,646,449,431,505,325,826
825,329,256,138,806,79,826
825,329,18,470,529,325,826
825,646,327,732,250,79,826
825,329,811,201,591,325,826
825,329,815,141,378,325,826
825,646,614,653,606,56,826
825,329,397,9,158,79,826
825,329,487,185,538,325,826
825,646,587,662,420,79,826
825,329,530,45,564,569,826
825,329,514,694,366,325,826
825,191,123,255,61,325,826
825,329,349,211,301,79,826
825,329,363,241,570,325,826
825,646,611,656,418,325,826
825,329,745,485,484,79,826
825,329,220,637,30,325,826
825,646,230,163,707,325,826
825,329,737,662,72,325,826
825,329,448,493,378,325,826
825,646,155,790,537,79,826
825,329,71,785,158,325,826
825,329,596,439,806,569,826
825,646,634,412,663,79,826
825,329,555,133,100,325,826
825,329,126,791,55,325,826
825,725,629,720,547,79,826
825,329,256,733,23,325,826
825,329,363,253,491,325,826
825,646,438,44,366,79,826
825,329,514,655,418,569,826
825,329,527,124,583,325,826
825,646,590,138,743,79,826
825,329,236,241,432,325,826
825,329,611,453,160,569,826
825,646,488,166,105,325,826
825,329,448,731,572,325,826
825,329,738,142,378,79,826
825,646,488,712,49,569,826
825,329,587,650,252,325,826
825,329,230,387,87,325,826
825,646,2,786,713,79,826
825,329,20,685,81,325,826
825,329,205,217,30,325,826
825,646,551,578,358,79,826
825,329,514,122,376,325,826
825,329,626,9,688,325,826
825,646,136,98,161,79,826
825,329,745,175,495,325,826
825,329,571,313,507,325,826
825,646,704,172,418,325,826
825,329,812,42,481,325,826
825,329,221,285,159,325,826
825,646,71,138,263,325,826
825,329,123,824,391,325,826
825,329,333,597,101,325,826
825,407,363,241,127,569,826
825,329,807,168,543,325,826
825,329,487,154,325,371,826
825,646,634,696,561,79,826
825,329,514,662,11,325,826
825,329,295,638,300,325,826
825,646,647,402,753,79,826
825,329,256,652,419,325,826
825,329,448,698,495,325,826
825,646,499,733,50,325,826
825,329,33,686,161,325,826
825,329,71,387,325,30,826
825,646,438,415,356,325,826
825,329,18,197,524,79,826
825,329,815,223,268,325,826
825,646,739,516,701,79,826
825,329,704,453,99,325,826
825,329,736,242,41,79,826
825,646,634,637,618,325,826
825,329,503,192,378,569,826
825,329,449,698,372,325,826
825,646,499,577,23,325,826
825,329,489,211,711,79,826
825,329,807,313,481,569,826
825,646,136,733,51,79,826
825,329,363,253,709,325,826
825,329,78,447,70,79,826
825,57,289,795,61,325,826
825,329,555,167,545,325,826
825,329,487,203,688,325,826
825,646,327,42,104,79,826
825,329,234,93,227,325,826
825,329,497,712,618,325,826
825,646,333,656,419,325,826
825,329,18,638,161,569,826
825,329,283,185,505,325,826
825,646,137,600,357,79,826
825,329,448,122,556,325,826
825,329,71,140,49,325,826
825,646,208,402,769,325,826
825,329,397,597,688,79,826
825,329,812,496,241,325,826
825,646,587,138,421,325,826
825,329,400,411,706,325,826
825,329,256,9,378,569,826
825,646,499,580,99,325,826
825,329,448,124,35,325,826
825,329,530,253,368,325,826
825,725,773,720,79,547,826
825,329,745,686,570,325,826
825,329,362,493,703,325,826
825,646,349,98,507,79,826
825,329,295,651,23,325,826
825,329,125,690,606,688,826
825,646,634,211,55,325,826
825,329,334,516,296,325,826
825,329,73,198,716,325,826
825,646,692,696,105,79,826
825,329,807,9,12,325,826
825,329,449,792,495,79,826
825,646,71,171,544,325,826
825,329,18,42,85,325,826
825,329,216,440,99,79,826
825,646,590,597,161,325,826
825,329,772,133,481,325,826
825,329,626,637,377,325,826
825,646,499,742,418,325,826
825,329,363,217,570,325,826
825,329,448,141,301,325,826
825,329,434,79,96,61,826
825,329,514,200,562,569,826
825,329,737,95,11,325,826
825,646,220,163,808,325,826
825,329,396,662,81,79,826
825,329,449,6,484,79,826
825,646,409,818,774,325,826
825,329,499,445,419,325,826
825,329,18,223,41,325,826
825,646,708,698,688,325,826
825,329,295,417,250,325,826
825,329,126,241,105,325,826
825,646,448,791,561,325,826
825,329,704,195,570,325,826
825,329,109,209,376,325,826
825,646,527,574,589,325,826
825,329,625,662,707,79,826
825,329,235,76,495,325,826
825,646,804,578,545,325,826
825,329,397,42,22,325,826
825,329,256,456,701,325,826
825,646,749,164,547,79,826
825,329,327,138,301,325,826
825,329,363,253,81,325,826
825,646,615,413,528,569,826
825,329,596,451,540,325,826
825,329,448,132,30,325,826
825,676,125,751,79,69,826
825,329,571,734,364,325,826
825,329,334,98,806,325,826
825,646,176,76,495,569,826
825,329,626,580,537,325,826
825,329,32,311,507,79,826
825,646,807,585,545,325,826
825,329,745,8,702,325,826
825,329,660,387,755,79,826
825,646,503,122,12,569,826
825,329,514,195,589,325,826
825,329,256,690,215,357,826
825,646,305,133,688,325,826
825,329,448,597,806,325,826
825,329,361,180,260,325,826
825,646,392,791,161,325,826
825,329,614,686,222,325,826
825,329,754,698,618,325,826
825,646,815,197,495,325,826
825,329,71,512,699,325,826
825,329,73,98,570,325,826
825,646,523,42,753,325,826
825,329,17,577,418,325,826
825,329,232,9,371,325,826
825,798,772,65,252,79,826
825,329,283,170,714,325,826
825,329,487,311,481,325,826
825,646,634,102,417,325,826
825,329,317,142,105,325,826
825,329,530,493,495,325,826
825,646,514,253,513,79,826
825,329,624,734,636,79,826
825,329,499,201,517,325,826
825,646,488,437,541,79,826
825,329,333,133,707,325,826
825,329,363,456,265,325,826
825,646,807,172,419,325,826
825,329,78,53,650,79,826
825,329,125,382,524,325,826
825,646,409,44,556,79,826
825,329,704,585,357,325,826
825,329,448,9,369,325,826
825,646,756,138,61,325,826
825,329,234,166,105,79,826
825,329,18,253,741,325,826
825,676,125,751,675,325,826
825,329,810,580,537,325,826
825,329,497,698,49,325,826
825,646,692,188,161,79,826
825,329,467,637,779,325,826
825,329,256,311,515,325,826
825,646,327,44,589,569,826
825,329,363,516,378,325,826
825,329,744,539,433,325,826
825,646,333,163,602,325,826
825,329,802,686,41,325,826
825,329,571,696,537,325,826
825,646,349,98,785,79,826
825,329,126,417,105,325,826
825,329,109,6,741,325,826
825,646,71,184,418,325,826
825,329,461,597,507,79,826
825,329,316,183,755,325,826
825,646,692,696,564,79,826
825,329,807,818,357,325,826
825,329,295,439,368,569,826
825,337,256,203,688,325,826
825,329,230,43,161,325,826
825,329,283,223,524,325,826
825,646,634,733,67,325,826
825,329,506,133,229,79,826
825,329,467,198,481,325,826
825,646,611,122,85,325,826
825,329,280,9,774,79,826
825,329,754,492,495,325,826
825,646,488,241,421,79,826
825,329,499,138,666,325,826
825,329,596,207,378,325,826
825,646,73,516,531,325,826
825,329,745,789,556,325,826
825,329,514,223,694,325,826
825,646,165,601,502,79,826
825,329,815,655,545,325,826
825,329,123,98,428,325,826
825,646,807,577,287,325,826
825,329,216,211,261,79,826
825,329,448,638,378,325,826
825,646,553,164,79,547,826
825,329,256,662,80,325,826
825,329,555,153,41,325,826
825,646,571,458,419,325,826
825,329,110,731,105,325,826
825,329,18,241,741,325,826
825,646,28,818,688,325,826
825,329,487,189,718,325,826
825,329,361,443,505,325,826
825,646,176,698,12,79,826
825,329,71,597,806,325,826
825,329,295,430,780,79,826
825,646,737,516,161,325,826
825,329,452,211,310,325,826
825,329,810,493,82,325,826
825,646,497,585,281,325,826
825,329,19,253,586,325,826
825,329,289,154,366,325,826
825,646,126,197,85,325,826
825,329,704,733,421,325,826
825,329,805,180,67,325,826
825,646,745,10,342,325,826
825,329,71,486,664,325,826
825,329,467,690,215,583,826
825,646,514,581,107,325,826
825,329,634,413,711,325,826
825,329,499,698,495,325,826
825,646,224,163,159,325,826
825,329,136,789,23,79,826
825,329,363,98,643,325,826
825,676,677,254,113,325,826
825,329,625,133,607,325,826
825,329,737,223,701,325,826
825,646,802,167,545,325,826
825,329,461,650,297,79,826
825,329,125,470,529,325,826
825,646,333,734,252,325,826
825,329,514,144,755,325,826
825,329,109,439,11,325,826
825,646,611,93,495,79,826
825,329,634,39,714,325,826
825,329,754,639,562,325,826
825,329,627,164,117,325,826
825,646,33,133,161,79,826
825,329,359,451,321,79,826
825,646,645,698,556,325,826
825,329,71,577,357,325,826
825,329,448,382,41,325,826
825,646,497,653,418,79,826
825,329,236,413,507,325,826
825,329,17,594,481,325,826
825,725,773,436,586,79,826
825,329,84,241,107,325,826
825,329,71,493,495,325,826
825,646,334,194,419,325,826
825,329,737,731,421,79,826
825,329,508,253,30,325,826
825,646,596,442,325,730,826
825,329,397,138,701,79,826
825,329,18,386,41,325,826
825,646,514,170,357,79,826
825,329,448,10,105,325,826
825,329,499,447,706,325,826
825,646,155,42,741,79,826
825,329,704,175,586,325,826
825,329,232,223,481,325,826
825,646,176,696,247,79,826
825,329,71,414,248,325,826
825,329,125,694,369,325,826
825,646,488,166,718,325,826
825,329,283,824,301,325,826
825,329,256,140,79,507,826
825,646,331,93,418,325,826
825,329,815,686,11,325,826
825,329,467,124,300,325,826
825,646,71,122,539,79,826
825,329,349,211,753,79,826
825,329,334,201,806,325,826
825,646,745,142,368,325,826
825,329,497,650,507,79,826
825,329,811,341,701,325,826
825,646,749,723,325,546,826
825,329,804,177,51,79,826
825,329,499,637,755,325,826
825,646,230,652,357,325,826
825,329,488,241,513,325,826
825,329,363,470,30,325,826
825,646,1,490,161,79,826
825,329,611,819,107,325,826
825,329,125,9,55,325,826
825,646,613,138,589,325,826
825,329,692,66,791,79,826
825,329,221,98,158,325,826
825,646,634,42,421,325,826
825,329,514,712,537,325,826
825,329,446,141,35,325,826
825,646,71,171,419,325,826
825,329,234,733,325,371,826
825,329,18,253,481,325,826
825,646,736,597,161,79,826
825,329,704,599,12,325,826
825,329,815,440,561,325,826
825,646,625,578,700,325,826
825,329,489,698,531,79,826
825,329,530,694,160,325,826
825,646,745,597,558,79,826
825,329,71,203,505,325,826
825,329,810,223,495,325,826
825,646,614,413,521,325,826
825,329,634,170,12,325,826
825,329,363,145,665,325,826
825,646,497,166,118,325,826
825,329,397,698,377,325,826
825,329,295,180,30,79,826
825,646,448,133,714,325,826
825,329,692,241,546,79,826
825,329,737,637,619,325,826
825,676,503,752,355,325,826
825,329,596,253,266,325,826
825,329,467,382,500,325,826
825,646,704,653,545,79,826
825,329,136,42,524,79,826
825,329,514,217,711,325,826
825,646,109,516,707,325,826
825,329,477,585,418,325,826
825,329,448,140,767,325,826
825,646,645,696,13,325,826
825,329,318,193,366,325,826
825,329,73,311,701,325,826
825,646,559,462,301,79,826
825,329,737,93,357,325,826
825,329,289,456,495,325,826
825,646,18,734,705,79,826
825,329,333,138,774,325,826
825,329,744,493,586,325,826
825,646,71,196,419,325,826
825,329,349,411,562,79,826
825,329,230,690,215,11,826
825,646,499,133,41,325,826
825,329,206,170,158,325,826
825,329,555,594,537,325,826
825,646,488,44,552,325,826
825,329,815,175,249,325,826
825,329,17,153,700,325,826
825,646,629,164,542,79,826
825,329,530,451,67,325,826
825,329,811,178,505,325,826
825,646,237,412,741,79,826
825,329,449,217,556,325,826
825,329,363,440,159,325,826
825,646,804,652,678,325,826
825,329,136,211,521,79,826
825,329,283,432,493,325,826
825,646,71,599,55,325,826
825,329,677,650,481,325,826
825,329,316,312,495,325,826
825,646,123,297,733,79,826
825,329,18,201,706,325,826
825,329,448,694,515,325,826
825,646,745,47,372,325,826
825,329,497,685,421,325,826
825,329,33,241,67,325,826
825,646,397,93,743,325,826
825,329,704,177,23,79,826
825,329,737,456,564,325,826
825,646,499,577,281,325,826
825,329,212,712,716,325,826
825,329,331,143,35,325,826
825,646,1,638,12,325,826
825,329,736,686,701,79,826
825,329,448,250,6,325,826
825,646,497,163,707,79,826
825,329,396,597,741,325,826
825,329,363,698,199,325,826
825,646,349,790,415,325,826
825,329,525,141,252,325,826
825,329,487,661,711,325,826
825,725,306,724,547,79,826
825,329,692,696,55,79,826
825,329,123,241,11,325,826
825,646,477,44,479,325,826
825,329,737,657,419,325,826
825,329,234,382,222,325,826
825,646,499,138,524,325,826
825,329,221,731,376,325,826
825,329,514,190,667,325,826
825,646,397,9,717,79,826
825,329,596,98,785,325,826
825,329,738,451,755,79,826
825,646,804,133,541,325,826
825,329,361,163,607,325,826
825,329,497,311,767,325,826
825,646,392,6,421,79,826
825,329,811,823,12,325,826
825,329,269,388,618,325,826
825,646,327,415,26,79,826
825,329,488,791,49,325,826
825,329,596,223,711,325,826
825,646,126,787,118,325,826
825,329,514,192,301,325,826
825,329,449,698,481,325,826
825,646,71,654,557,79,826
825,329,136,213,161,79,826
825,329,333,190,159,325,826
825,646,704,138,251,325,826
825,329,126,45,667,325,826
825,329,811,694,558,79,826
825,407,629,241,325,127,826
825,329,397,650,325,371,826
825,329,295,142,505,325,826
825,646,176,10,35,79,826
825,329,735,453,11,79,826
825,329,508,217,421,325,826
825,646,645,597,706,79,826
825,329,71,824,291,325,826
825,329,737,98,339,325,826
825,646,331,733,790,325,826
825,329,234,163,326,79,826
825,329,499,637,27,325,826
825,646,349,696,589,79,826
825,329,283,122,607,325,826
825,329,744,470,524,325,826
825,646,497,197,767,325,826
825,329,814,516,521,325,826
825,329,123,200,75,325,826
825,646,448,142,368,325,826
825,329,28,733,481,325,826
825,329,514,440,700,325,826
825,646,805,413,507,325,826
825,329,736,820,86,79,826
825,329,17,690,606,711,826
825,646,71,196,741,325,826
825,329,634,650,718,325,826
825,329,467,493,286,325,826
825,646,477,42,67,325,826
825,329,559,138,591,79,826
825,329,126,312,532,325,826
825,646,363,462,81,79,826
825,329,745,412,25,325,826
825,329,327,223,158,79,826
825,646,230,93,607,325,826
825,329,738,170,12,79,826
825,329,18,427,310,325,826
825,646,499,656,545,325,826
825,329,395,516,421,79,826
825,329,73,178,325,371,826
825,646,2,436,61,325,826
825,329,497,580,390,325,826
825,329,205,698,72,325,826
825,646,802,166,325,507,826
825,329,466,122,161,325,826
825,329,58,150,564,325,826
825,646,596,10,250,325,826
825,329,488,285,531,79,826
825,329,467,639,30,325,826
825,119,232,241,716,325,826
825,329,514,253,266,325,826
825,329,660,468,369,325,826
825,771,646,599,355,204,826
825,329,625,597,418,79,826
825,329,71,200,495,325,826
825,646,136,791,158,325,826
825,329,295,44,619,325,826
825,329,363,440,699,325,826
825,676,123,817,675,325,826
825,329,449,133,161,325,826
825,329,233,223,35,325,826
825,646,121,193,245,325,826
825,329,397,83,529,79,826
825,329,737,383,589,325,826
825,646,634,322,23,325,826
825,329,327,175,11,79,826
825,329,754,141,537,325,826
825,646,804,662,49,325,826
825,329,745,211,502,325,826
825,329,514,6,701,325,826
825,646,469,98,513,79,826
825,329,16,579,357,325,826
825,329,596,311,157,325,826
825,646,71,138,707,325,826
825,329,359,170,524,79,826
825,329,234,637,422,325,826
825,646,627,172,282,325,826
825,329,448,696,250,325,826
825,329,810,131,35,325,826
825,646,349,696,67,79,826
825,329,499,44,23,325,826
