idx,name
0,empty
1,가쓰오부시우동
2,가쓰오부시장국
3,가쓰오우동
4,가쓰오유부국
5,가쓰오장국
6,가자미구이
7,가자미레몬구이
8,가자미무조림
9,가자미양념찜
10,가자미카레구이
11,가지나물
12,가지볶음
13,가지튀김양념장
14,감귤
15,감자고추장조림
16,감자다시마국
17,감자맑은국
18,감자양파국
19,감자양팟국
20,감자옹심이국
21,감자조림
22,감자채당근볶음
23,감자채볶음
24,감자채카레볶음
25,감자채피망볶음
26,감자채햄볶음
27,감자표고조림
28,강된장찌개
29,건새우꽈리고추볶음
30,건새우마늘종볶음
31,건새우무조림
32,건새우뭇국
33,건새우미역국
34,건파래볶음
35,건파래자반
36,검은콩두유
37,결명자차
38,고갈비
39,고갈비구이
40,고구마맛탕
41,고구마순나물
42,고등어구이
43,고등어데리야끼구이
44,고등어무조림
45,고등어시래기조림
46,고등어양념구이
47,고등어카레구이
48,고비나물
49,고사리나물
50,고사리들깨나물
51,고사리들깨볶음
52,고사리들깨찜
53,고추잡채꽃빵
54,고추장제육불고기
55,고춧잎나물
56,곤드레나물
57,곤드레나물밥양념장
58,곤약어묵국
59,곰취된장국
60,곶감
61,과일샐러드
62,과일요거트샐러드
63,과일탕수육
64,과일화채
65,군만두양념장
66,궁중떡볶이
67,궁채들깨볶음
68,귤
69,그린샐러드
70,근대나물
71,근대된장국
72,근대된장나물
73,김가루떡국
74,김가루쪽파무침
75,김구이양념장
76,김달걀말이
77,김치볶음밥
78,김치콩나물국
79,깍두기
80,깻순나물
81,깻잎순나물
82,깻잎순나물볶음
83,꽁치김치찜
84,꽃게탕
85,꽃맛살샐러드
86,꽃맛살콘샐러드
87,꽈리고추멸치볶음
88,꽈리고추양념찜
89,꽈배기
90,꽈베기
91,꽈베기빵
92,꿀호떡
93,낙지볶음
94,낙지채소볶음
95,날치알달걀찜
96,냉모밀국수
97,냉이된장국
98,너비아니구이
99,노각무침
100,노각생채
101,노인시래기된장지짐
102,녹두빈대떡
103,녹차
104,느타리버섯무침
105,느타리버섯볶음
106,느타리피망볶음
107,늙은호박조림
108,다시마감자국
109,다시마무채국
110,다시마무챗국
111,다시마채뭇국
112,단감
113,단무지채무침
114,단배추나물
115,단팥빵
116,단호박꿀찜
117,단호박범벅
118,단호박샐러드
119,단호박영양밥양념장
120,단호박찜
121,단호박크림스프
122,단호박해물찜
123,달걀실파국
124,달걀장조림
125,달걀파국
126,달걀팟국
127,달걀후라이
128,달래된장국
129,달래된장찌개
130,달래오이무침
131,닭가슴살피망볶음
132,닭가슴살피망조림
133,닭갈비
134,닭강정
135,닭개장
136,닭곰탕
137,닭다리백숙
138,닭볶음탕
139,닭살감자조림
140,닭살고구마조림
141,닭살굴소스볶음
142,닭살굴소스조림
143,닭살단호박조림
144,닭살데리야끼볶음
145,닭살데리야끼조림
146,닭살두반장볶음
147,닭살버섯볶음
148,닭살장조림
149,닭살채소무침
150,닭살채소볶음
151,닭살카레볶음
152,닭살파프리카조림
153,닭살피망볶음
154,닭살피망조림
155,닭칼국수
156,대추차
157,도라지나물
158,도라지무침
159,도라지오이무침
160,도시락김
161,도토리묵무침
162,돈가스소스
163,돈갈비찜
164,돈까스소스
165,돈등뼈감자탕
166,돼지고기간장구이
167,돈목살양파볶음
168,돈불고기
169,돈사태무조림
170,돈사태찜
171,돈삼겹수육
172,돈삼겹수육새우젓
173,돈육가지볶음
174,돈육강정
175,돈육고추잡채꽃빵
176,돈육김치찌개
177,돈육김치찜
178,돈육꽈리고추조림
179,돈육단호박찜
180,돈육메알장조림
181,돈육메알조림
182,돈육메추리알장조림
183,돈육메추리알조림
184,돈육바베큐소스볶음
185,돈육바베큐소스조림
186,돈육버섯볶음
187,돈육버섯불고기
188,돈육숙주볶음
189,돈육양파볶음
190,돈육장조림
191,돈육짜장밥
192,돈육짜장볶음
193,돈육찹스테이크
194,돈육통마늘볶음
195,돈육파인애플볶음
196,돈육파채불고기
197,돈육폭찹
198,돈장조림
199,돈채우엉볶음
200,돈채파프리카볶음
201,돈채피망볶음
202,돌나물무침
203,동그랑땡전
204,동치미국물
205,동태맑은국
206,동태매운탕
207,동태무조림
208,동태쑥갓국
209,동태양념찜
210,동태엿장조림
211,동태전양념장
212,동태찌개
213,동태콩나물찜
214,동파육
215,두부구이
216,두부김칫국
217,두부달걀구이
218,두부달걀부침
219,두부데리야끼조림
220,두부된장국
221,두부새우젓국
222,두부쑥갓무침
223,두부양념조림
224,두부탕국
225,두유
226,둥굴레차
227,둥근호박조림
228,둥글레차
229,들기름막국수
230,들기름미역국
231,들깨무나물
232,들깨무채국
233,들깨무챗국
234,들깨미역국
235,들깨버섯국
236,들깨수제비국
237,들깨칼국수
238,등심돈까스소스
239,딸기
240,땅콩샌드
241,떡갈비구이
242,떡갈비조림
243,떡만둣국
244,로제찜닭
245,리코타치즈샐러드발사믹
246,마늘종건새우볶음
247,마늘종맛살볶음
248,마늘종베이컨볶음
249,마늘종지무침
250,마늘종햄볶음
251,마카로니샐러드
252,마카로니콘샐러드
253,마파두부
254,만두탕수소스
255,만두탕수육
256,맑은콩나물국
257,맛살곤약조림
258,맛살달걀찜
259,맛살마늘종볶음
260,맛살브로콜리볶음
261,맛살오이냉채
262,맛살오이무침
263,맛살콩나물무침
264,맛살파프리카볶음
265,맛살팽이버섯볶음
266,맛살팽이버섯전
267,맛살팽이전
268,맛살피망볶음
269,매생이굴국
270,매생이떡국
271,매실차
272,머위대나물
273,머핀
274,메론
275,메추리알표고조림
276,멘치까스양파크림소스
277,멸치호두볶음
278,모닝빵
279,모닝빵샌드위치
280,모둠버섯전골
281,모듬쌈쌈장
282,모듬쌈채소쌈장
283,모듬어묵국
284,모듬어묵탕
285,모듬장조림
286,무나물
287,무생채
288,무지개떡
289,무채된장국
290,무채들깨국
291,무초절임
292,물만두
293,물만두보리차
294,물만두양념장
295,물만둣국
296,물미역초무침
297,물파래새우전
298,미나리무생채
299,미나리초무침
300,미니새송이버섯볶음
301,미니새송이버섯조림
302,미니새송이조림
303,미니약과
304,미니와플
305,미소된장국
306,미소장국
307,미숫가루
308,미숫가루우유
309,미역된장국
310,미역줄기볶음
311,미트볼조림
312,미트볼케찹조림
313,미트볼토마토소스조림
314,바나나
315,바람떡
316,바지락맑은국
317,바지락미역국
318,바지락살맑은국
319,바지락칼국수
320,밥새우볶음
321,방아잎나물
322,방어구이
323,방풍나물무침
324,배
325,배추김치
326,배추나물
327,배추된장국
328,배추된장나물
329,백미밥
330,백설기
331,버섯된장국
332,버섯된장찌개
333,버섯들깨국
334,버섯들깨탕
335,버섯맑은국
336,버섯순두부찌개
337,버섯영양밥양념장
338,버섯전골
339,베이컨마늘종볶음
340,베이컨브로콜리볶음
341,베이컨스크램블에그
342,베이컨팽이버섯볶음
343,보리차
344,복숭아
345,볼어묵조림
346,봄나물비빔밥
347,봄동겉절이
348,봄동된장국
349,부대찌개
350,부들어묵굴소스조림
351,부들어묵볶음
352,부들어묵조림
353,부들어묵채소볶음
354,부추달걀국
355,부추무생채
356,부추사과무침
357,부추양파무침
358,부추양파생채
359,북어김칫국
360,북어달걀국
361,북어미역국
362,북어채뭇국
363,북엇국
364,브로콜리깨소스무침
365,브로콜리깨소스볶음
366,브로콜리두부무침
367,브로콜리들깨볶음
368,브로콜리맛살볶음
369,브로콜리무침
370,브로콜리볶음
371,브로콜리숙회초고추장
372,브로콜리초무침
373,브로콜리컬리플라워숙회
374,브로콜리토마토무침
375,브로콜리파프리카볶음
376,브로콜리피망볶음
377,브로콜리햄볶음
378,비름나물
379,비름나물된장무침
380,비름나물무침
381,비엔나브로콜리볶음
382,비엔나소시지볶음
383,비엔나소시지케찹조림
384,비엔나소시지케첩볶음
385,비엔나채소볶음
386,비엔나케찹볶음
387,비엔나케찹조림
388,비엔나파프리카볶음
389,비엔나피망볶음
390,비트무초절임
391,비트쌈무
392,뼈해장국
393,사각어묵볶음
394,사각어묵피망볶음
395,사골곰국
396,사골곰탕
397,사골우거지국
398,사과
399,사과주스
400,사김포강된장찌개
401,사김포달걀꽈리고추조림
402,사김포돼지고기간장구이
403,산채비빔밥
404,삶은감자
405,삼겹살굴소스볶음
406,삼겹살두루치기
407,삼색나물비빔밥
408,삼색나물비빔밥양념장
409,삼색수제비
410,삼색수제비국
411,삼치구이
412,삼치데리야끼구이
413,삼치무조림
414,삼치양념찜
415,삼치엿장조림
416,삼치유자청조림
417,삼치카레구이
418,상추겉절이
419,상추쌈쌈장
420,상추양파무침
421,새송이버섯볶음
422,새송이볶음
423,새송이피망볶음
424,새싹비빔밥
425,새우까스타르타르소스
426,새우살굴소스볶음
427,새우살굴소스조림
428,새우살브로콜리볶음
429,새우살애호박볶음
430,새우살채소볶음
431,새우살청경채볶음
432,새우살파프리카볶음
433,새우살피망조림
434,새우튀김
435,생강차
436,생선가스타르타르소스
437,생선까스타르타르소스
438,설렁탕
439,섭산적
440,섭산적구이
441,세발나물무침
442,소고기가지볶음
443,소고기곤약조림
444,소고기꽈리고추조림
445,소고기당면볶음
446,소고기떡국
447,소고기메추리알조림
448,소고기뭇국
449,소고기미역국
450,소고기배춧국
451,소고기버섯볶음
452,소고기버섯전골
453,소고기양배추볶음
454,소고기우거지국
455,소고기우엉볶음
456,소고기장조림
457,소보로빵
458,소불고기
459,솎음열무나물
460,송편
461,쇠고기당면국
462,쇠고기당면볶음
463,쇠고기메추리알장조림
464,쇠고기메추리알조림
465,쇠고기무국
466,쇠고기뭇국
467,쇠고기미역국
468,쇠고기숙주볶음
469,쇠고기쌀국수
470,쇠고기장조림
471,쇠고기콩나물밥양념장
472,쇠고기팽이버섯볶음
473,수박
474,수수부꾸미
475,수육보쌈새우젓
476,수정과
477,수제비국
478,수취리떡
479,숙주겨자냉채
480,숙주겨자무침
481,숙주나물
482,숙주나물무침
483,숙주맛살냉채
484,숙주맛살무침
485,순대볶음
486,순대채소볶음
487,순두부백탕
488,순두부찌개
489,순살감자탕
490,순살아귀찜
491,스모크햄마늘종볶음
492,스모크햄전
493,스크램블에그
494,스크램블에그케첩
495,시금치나물
496,시금치달걀볶음
497,시금치된장국
498,시금치두부무침
499,시래기된장국
500,시래기된장나물
501,식혜
502,실곤약채소무침
503,실파달걀국
504,쌀과자
505,쑥갓나물
506,쑥갓된장국
507,쑥갓두부무침
508,쑥갓어묵국
509,쑥된장국
510,쑥떡
511,쑥버무리
512,아귀찜
513,아삭이고추된장무침
514,아욱된장국
515,아욱된장무침
516,안동찜닭
517,알감자조림
518,알배기배추쌈쌈장
519,알배기쌈쌈장
520,알배추쌈쌈장
521,애느타리버섯볶음
522,애느타리피망볶음
523,애호박고추장찌개
524,애호박나물
525,애호박된장국
526,애호박된장찌개
527,애호박맑은국
528,애호박베이컨볶음
529,애호박볶음
530,애호박새우젓국
531,애호박새우젓볶음
532,애호박전
533,액상요구르트
534,약과
535,약밥
536,양갱
537,양념깻잎지
538,양념깻잎지무침
539,양배추나물
540,양배추부추무침
541,양배추샐러드
542,양배추샐러드키위드레싱
543,양배추쌈쌈장
544,양배추찜
545,양배추찜쌈장
546,양배추콘샐러드
547,양상추샐러드
548,양상추샐러드오리엔탈드레싱
549,양상추토마토샐러드발사믹드레싱
550,양송이들깨볶음
551,양송이들깨탕
552,양송이버섯볶음
553,양송이스프
554,어묵곤약국
555,어묵쑥갓국
556,어향가지볶음
557,얼갈이겉절이
558,얼갈이나물
559,얼갈이된장국
560,연근깨소스무침
561,연근아몬드조림
562,연근조림
563,연근튀김양념장
564,연근흑임자소스무침
565,연두부새싹채소샐러드
566,연두부찜양념장
567,연양갱
568,열무고추장나물
569,열무김치
570,열무나물
571,열무된장국
572,열무된장나물
573,열무보리비빔밥
574,영양찜닭
575,오곡밥
576,오렌지
577,오리불고기
578,오리주물럭
579,오리주물럭볶음
580,오리훈제채소무침
581,오리훈제채소볶음
582,오미자차
583,오복지들기름무침
584,오복지무침
585,오삼불고기
586,오이나물
587,오이냉국
588,오이맛살냉채
589,오이무침
590,오이미역냉국
591,오이생채
592,오이양파무침
593,오징어간장조림
594,오징어굴소스볶음
595,오징어굴소스조림
596,오징어뭇국
597,오징어볶음
598,오징어초무침
599,오향장육
600,옥수수김치전
601,옥수수달걀찜
602,옥수수전
603,옥수수차
604,옥수수채소전
605,온도토리묵국
606,온두부찜
607,올방개묵무침
608,왕새우튀김초간장
609,요구르트
610,요플레
611,우거지된장국
612,우렁강된장찌개
613,우렁된장국
614,우렁된장찌개
615,우무냉국
616,우사골파국
617,우엉들깨무침
618,우엉조림
619,우엉채볶음
620,우엉채아몬드조림
621,우유
622,우유미숫가루
623,유과
624,유부김칫국
625,유부된장국
626,유부맑은국
627,유부미소국
628,유부어묵우동
629,유부장국
630,유자차
631,유채나물
632,유채나물무침
633,유채된장국
634,육개장
635,육원전
636,으깬고구마범벅
637,임연수구이
638,임연수무조림
639,임연수양념찜
640,임연수카레구이
641,작두콩차
642,잔멸치건포도볶음
643,잔멸치꽈리고추볶음
644,잔멸치호두볶음
645,잔치국수
646,잡곡밥
647,장각삼계탕
648,저염물김치
649,저염오이김치
650,적어구이
651,적어조림
652,제육고추장불고기
653,제육김치볶음
654,제육버섯볶음
655,제육볶음
656,제육불고기
657,제육통마늘볶음
658,제육파채불고기
659,제육팽이버섯볶음
660,조갯살맑은국
661,조기양념찜
662,주꾸미볶음
663,주키니호박볶음
664,죽봉어묵조림
665,죽순들깨볶음
666,죽순채들깨볶음
667,죽순채볶음
668,죽순채파프리카볶음
669,죽순채피망볶음
670,쥐어채볶음
671,증편
672,진미도라지생채
673,진미채무침
674,짜사이무침
675,짜사이채무침
676,짜장밥
677,짬뽕국
678,쪽파무생채
679,찐감자
680,찐고구마
681,찐만두양념장
682,찐만두초간장
683,찐빵
684,찐옥수수
685,찜닭
686,차돌박이숙주볶음
687,참나물겉절이
688,참나물무침
689,참외
690,참치김치볶음
691,참치김치전
692,참치김치찌개
693,참치채소무침
694,참치채소볶음
695,참치파프리카볶음
696,채소달걀말이
697,채소달걀말이성인
698,채소달걀찜
699,천사채샐러드
700,청경채겉절이
701,청경채나물
702,청경채맛살볶음
703,청경채무침
704,청국장찌개
705,청포묵김가루무침
706,청포묵김무침
707,청포묵무침
708,추어탕
709,춘권튀김초간장
710,춘천닭갈비
711,취나물무침
712,치즈달걀말이
713,치커리겉절이
714,치커리사과무침
715,치커리상추무침
716,치커리양파무침
717,치커리오이생채
718,치커리유자무침
719,치커리유자청무침
720,치킨가라아게
721,치킨가스
722,치킨가스소스
723,치킨까스소스
724,치킨너겟머스타드소스
725,카레라이스
726,카스테라
727,카스텔라
728,커스타드
729,커스타드우유
730,컬리플라워브로콜리숙회
731,코다리강정
732,코다리무조림
733,코다리양념찜
734,코다리엿장조림
735,콩가루배추국
736,콩가루배춧국
737,콩나물국
738,콩나물김칫국
739,콩나물냉국
740,콩나물돈불고기
741,콩나물무침
742,콩나물불고기
743,콩나물삼색채
744,콩비지백탕
745,콩비지찌개
746,크래커
747,크로와상
748,크림빵
749,크림스프
750,키위
751,탕수육
752,탕수육소스
753,탕평채
754,토란국
755,토란대나물
756,토란대된장국
757,토란대들깨나물
758,토마토
759,토마토달걀볶음
760,토마토달걀볶음성인
761,토마토양상추샐러드발사믹드레싱
762,토마토양상추샐러드발사믹샐러드
763,토마토양상추샐러드오리엔탈드레싱
764,토마토양상추샐러드참깨드레싱
765,톳두부무침
766,통밀쿠키
767,파래무무침
768,파채무침
769,파프리카팽이버섯볶음
770,팥시루떡
771,팥죽
772,팽이된장국
773,팽이버섯장국
774,팽이버섯파프리카볶음
775,팽이버섯피망볶음
776,팽이장국
777,표고달걀찜
778,표고버섯굴소스볶음
779,표고버섯볶음
780,표고버섯조림
781,프렌치토스트
782,하이라이스
783,한과
784,한라봉
785,한식잡채
786,함박스테이크
787,함박스테이크소스
788,핫케이크
789,해물동그랑땡전
790,해물부추전
791,해물완자전
792,해물완자조림
793,해물짬뽕국
794,해물콩나물찜
795,해물파전
796,해물파전달래장
797,해해물김치전
798,햄김치볶음밥
799,햄치즈샌드위치
800,호떡
801,호밀빵
802,호박고추장찌개
803,호박된장국
804,호박된장찌개
805,호박새우젓국
806,호박잎나물
807,호박잎된장국
808,호박채전
809,호빵
810,홍합살맑은국
811,홍합살뭇국
812,홍합살미역국
813,황태미역국
814,황태채무국
815,황태채뭇국
816,황태해장국
817,후르츠탕수육
818,훈제오리구이
819,훈제오리구이머스타드
820,훈제오리구이머스터드소스
821,훈제오리냉채
822,훈제오리두루치기
823,훈제오리부추무침
824,훈제오리채소무침
825,시작
826,종료
