name,weight,Class,Energy,Protein,Potassium,Phosphorus,Sodium
어묵우동,148.5,면,203.0,7.4,350.7,105.0,579.1
돈가스,84.45,튀김,252.3,12.5,202.7,122.1,291.6
후리가케밥,44.0,밥,122.5,2.0,50.8,32.9,1.5
옥돔구이,127.05,구이,136.0,22.2,5.6,282.3,100.8
메밀묵무침,60.6,샐러드,31.8,0.8,96.3,25.0,301.3
감자수제비,930.6,반찬,495.3,14.3,686.1,186.8,1868.6
고추참치덮밥,386.5,밥,964.2,22.6,646.8,340.9,1098.7
김치덮밥,439.0,밥,980.5,24.9,859.4,370.7,1372.1
김치잡채밥,391.2,밥,993.1,21.2,593.7,314.1,572.7
김치콩나물밥,727.5,밥,991.7,27.1,878.2,402.3,1407.8
달걀케첩볶음밥,383.5,밥,1111.5,30.5,556.6,395.3,920.2
닭죽,741.3,수프(간식),619.9,55.2,867.0,342.3,855.7
돼지고기김치볶음밥,358.1,밥,956.3,23.1,611.9,327.3,1476.1
돼지고기부추덮밥,393.2,밥,1001.3,27.1,737.2,362.8,1150.6
두부카레밥,670.1,밥,1048.2,22.1,573.5,358.6,1573.4
떡만두국,814.2,국,756.3,26.2,478.6,290.2,1767.6
버섯잡채밥,361.6,밥,993.1,20.7,438.4,310.3,731.1
볶음밥,371.1,밥,943.9,21.5,639.8,327.1,2034.7
북어해장국밥,546.5,밥,362.3,28.7,656.2,315.2,1037.8
비빔국수,310.1,면,823.4,24.0,603.5,255.4,3034.7
비빔냉면,319.5,면,726.3,21.8,761.5,264.2,1472.3
비빔밥,402.5,밥,975.2,26.5,768.4,387.8,1380.9
삼계탕,993.4,국,1503.2,135.7,1346.3,878.6,458.5
쇠고기김치볶음밥,339.2,밥,893.0,23.2,562.7,320.0,1187.3
쇠고기버섯덮밥,443.6,밥,889.1,23.2,527.9,337.1,504.5
스파게티,542.5,면,1232.7,40.4,1783.1,571.1,929.0
야채덮밥,343.1,밥,834.5,18.0,489.7,284.5,395.5
야채카레볶음밥,330.5,밥,911.7,20.9,547.0,327.9,907.9
열무비빔밥,397.0,밥,983.9,20.8,750.6,314.9,1590.7
오징어덮밥,417.2,밥,951.3,38.1,897.8,576.2,1584.7
오징어볶음밥,375.5,밥,944.8,28.6,694.8,444.5,1527.5
오징어야채비빔밥,360.0,밥,865.1,24.1,584.1,379.4,236.2
오징어카레밥,670.6,밥,982.0,27.3,696.8,422.5,1669.5
자장밥,584.5,밥,1665.2,23.3,591.7,339.5,1020.0
제육덮밥,342.6,밥,1012.6,28.2,603.5,363.7,1102.7
쫄면,443.0,면,1077.8,30.7,803.3,314.2,5623.3
참치김치볶음밥,337.2,밥,944.0,28.1,528.5,359.0,986.6
참치주먹밥,295.0,밥,1039.8,21.7,379.7,301.5,899.2
카레밥,467.5,밥,937.6,21.7,565.6,313.0,948.9
칼국수,721.2,면,562.6,22.5,479.4,277.7,2100.3
콩나물김치덮밥,394.5,밥,967.0,25.3,724.2,365.2,1102.0
콩나물비빔밥,337.3,밥,908.7,20.9,545.9,309.0,1277.9
해물김치덮밥,402.5,밥,962.6,26.8,758.3,402.9,1759.0
해물볶음밥,384.2,밥,960.5,32.1,672.8,484.0,1150.6
햄야채볶음밥,365.1,밥,1016.5,21.7,712.0,338.0,1505.0
갈비탕,599.0,국,436.2,22.8,453.0,181.8,668.6
감자달걀국,425.2,국,70.8,5.2,214.0,108.4,613.8
감자두부조개탕,108.0,국,98.7,9.8,281.5,136.4,930.0
감자탕,779.7,국,393.4,42.7,1725.1,528.2,1748.6
건새우아욱된장국,369.7,국,79.6,5.8,315.1,104.5,1521.6
근대콩나물조개국,446.4,국,106.8,16.2,455.5,241.1,1013.2
김치국,414.4,국,59.1,6.7,372.4,229.1,779.3
김치두부국,453.0,국,67.4,5.9,332.2,141.6,1134.3
김치만두국,470.7,국,86.1,8.7,355.8,228.8,1288.0
꼬리곰탕,467.3,국,150.4,19.7,163.2,25.3,1716.9
냉이국,501.0,국,126.4,11.2,477.2,228.4,1441.9
냉이조개국,496.0,국,232.6,37.6,503.4,342.7,1985.0
달걀국,428.23,국,84.4,8.6,140.1,150.9,836.8
닭고기육개장,675.3,반찬,269.5,40.2,871.6,250.9,679.9
대구미역국,441.0,국,87.5,16.8,51.1,176.2,1267.8
대구탕,594.5,국,188.5,31.7,331.2,344.7,1351.3
두부쑥갓국,460.0,국,129.2,10.4,426.1,217.8,1324.7
두부조개탕,565.0,국,213.4,23.0,297.3,317.9,1094.4
무두부국,437.0,국,92.3,7.3,479.7,145.3,1824.5
무맑은국,457.0,국,93.5,6.8,321.5,78.3,1557.0
미역국,364.0,국,32.9,1.7,58.0,26.4,988.6
미역오이냉국,417.5,국,31.0,1.1,223.8,33.5,1108.2
북어국,465.7,국,173.1,25.0,463.9,255.4,1260.5
북어콩나물국,442.0,국,123.4,15.1,492.3,203.9,1051.3
배추국,462.8,국,82.7,5.8,328.1,106.0,1296.1
생선묵무국,464.1,국,108.6,7.2,345.7,104.8,1301.7
쇠고기육개장,495.2,반찬,256.7,18.2,511.0,185.4,1178.4
순두부된장국,189.5,국,146.3,11.5,587.3,213.7,1738.4
쑥갓두부국,460.0,국,129.2,10.4,426.1,217.8,1324.7
아욱국,404.0,국,74.2,5.1,447.2,96.3,1132.6
야채달걀국,476.9,국,227.5,20.2,274.1,284.2,680.5
양배추두부국,398.0,국,66.7,5.4,277.6,118.6,1104.5
양파두부국,484.0,국,153.9,10.9,536.1,178.1,1390.6
오징어무국,541.1,국,124.1,20.1,636.0,307.3,1019.0
오징어콩나물국,116.0,국,75.0,11.2,531.0,198.5,1074.5
조개국,408.8,국,52.6,8.1,159.5,20.5,1136.6
조갯살미역국,386.5,국,46.3,6.6,289.5,65.0,2777.9
콩가루김치국,554.5,국,214.7,17.9,847.9,255.8,1576.0
콩나물김치국,476.0,국,93.2,8.7,398.4,206.5,1778.4
콩나물조개국,119.0,국,80.4,8.9,261.8,168.1,931.2
호박두부국,513.0,국,92.5,7.9,697.5,151.1,927.9
호박양파국,512.5,국,143.0,12.9,543.8,243.1,1993.7
갈치무찌개,437.35,국,202.7,20.4,655.6,247.4,802.9
감자양파찌개,372.4,국,113.0,4.6,416.7,118.7,1346.6
김치버섯찌개,394.0,국,77.1,3.1,476.0,85.2,1251.2
꽁치무찌개,426.3,국,215.6,28.5,446.4,323.1,949.3
낙지고추장찌개,474.6,국,173.1,22.3,560.7,278.1,1856.9
닭고기감자찌개,192.7,국,181.6,25.9,655.8,162.5,957.7
돼지고기찌개,484.1,국,211.7,17.5,544.8,218.8,1088.0
돼지고기두부찌개,412.1,국,188.5,15.8,498.8,192.8,1044.8
돼지고기햄김치찌개,390.1,국,195.7,14.0,479.6,172.2,1541.4
된장찌개,515.0,국,141.8,12.5,442.8,207.3,1672.2
두부고추장찌개,382.7,국,185.9,14.2,373.0,193.9,979.4
만두김치찌개,401.5,국,238.5,12.4,455.4,146.0,1035.5
명태매운탕,628.7,국,198.3,27.3,867.5,368.3,1432.1
버섯만두찌개,159.0,국,244.6,11.0,429.4,147.1,849.4
버섯쇠고기찌개,394.0,국,104.9,8.5,675.7,128.7,924.4
북어고추장찌개,333.2,국,155.5,15.4,423.2,214.0,740.8
생선묵감자찌개,140.1,국,166.5,8.6,349.7,116.1,1470.2
생선묵무찌개,381.5,국,103.2,6.3,316.4,86.9,1169.8
쇠고기감자찌개,347.1,국,122.8,7.5,326.0,92.1,919.6
순두부해물찌개,421.5,국,159.8,19.5,424.1,253.0,975.3
아욱고추장찌개,289.0,국,87.2,6.2,358.0,86.3,470.0
오징어찌개,243.2,국,191.3,25.4,721.3,392.3,1505.4
짬뽕찌개,364.5,국,122.2,15.8,382.1,223.7,1091.7
참치찌개,471.4,국,244.6,19.6,552.2,206.7,1388.8
청국장,417.5,국,203.9,17.8,691.6,276.9,951.9
콩나물찌개,424.2,국,208.9,17.7,453.7,227.6,1128.9
콩나물오징어된장찌개,369.0,국,152.3,18.0,531.9,317.7,1390.0
해물찌개,153.0,국,105.8,17.7,515.9,243.9,1076.4
햄감자찌개,396.1,국,204.8,12.8,525.5,180.0,1277.9
햄김치찌개,374.2,국,175.1,9.0,416.9,137.7,1423.6
간장양념닭찜,284.1,찜,231.1,38.2,801.9,222.5,1003.4
꽈리고추찜,66.6,찜,47.3,2.3,215.2,42.5,635.3
대구콩나물찜,187.9,찜,130.8,19.3,363.7,228.9,382.7
돼지갈비찜,224.0,찜,383.0,28.0,605.2,307.9,1011.4
북어콩나물찜,163.7,찜,167.4,18.2,482.5,209.9,732.5
순두부달걀찜,126.7,찜,88.1,8.7,159.9,110.3,612.4
간장떡볶이,136.0,곡류(간식),217.9,7.7,222.5,92.2,572.7
감자깻잎볶음,111.0,볶음,126.8,2.5,325.1,65.5,1176.0
감자잡채,158.5,반찬,255.3,2.6,349.3,73.9,556.1
감자풋고추볶음,117.8,볶음,121.7,6.8,402.3,197.1,624.1
건새우볶음,44.2,볶음,132.8,6.8,142.1,129.8,500.6
고구마줄기볶음,90.5,볶음,76.4,1.1,493.3,25.6,361.3
고사리볶음,19.0,볶음,44.0,2.2,193.5,31.9,384.5
골뱅이고추장볶음,89.2,볶음,118.4,8.7,156.4,57.5,434.7
김치볶음,113.1,볶음,109.0,2.4,350.1,59.3,568.3
깻잎볶음,128.1,볶음,155.7,7.4,434.5,110.1,1006.4
꽈리고추감자볶음,89.5,볶음,73.9,1.7,239.6,45.5,525.9
꽈리고추새우볶음,37.0,볶음,94.7,8.8,88.4,160.4,639.7
닭고기카레볶음,404.7,볶음,218.4,30.5,638.5,169.9,623.9
닭고기야채볶음,217.7,볶음,215.1,33.4,733.1,199.1,532.2
돼지고기케첩볶음,127.3,볶음,216.3,12.4,363.7,129.8,552.6
돼지고기버섯볶음,108.0,볶음,142.6,8.2,288.1,102.5,549.2
돼지불고기,176.1,반찬,359.1,24.6,491.7,249.1,681.3
두부간장볶음,166.2,볶음,263.7,18.0,308.2,248.9,369.6
두부고추장볶음,173.0,볶음,215.2,15.2,399.5,224.1,879.2
두부김치볶음,165.5,볶음,166.6,9.3,351.2,166.5,692.8
두부두루치기,201.3,반찬,289.8,18.1,426.7,268.5,981.7
두부양념볶음,223.5,볶음,335.3,23.8,392.3,334.0,619.4
두부잡채,226.0,반찬,341.2,15.8,585.6,238.3,1125.4
두부참치두루치기,225.0,반찬,298.5,23.9,464.8,320.0,1045.5
떡볶이,296.5,곡류(간식),305.3,7.9,346.0,104.1,999.0
마늘쫑볶음,64.0,볶음,149.9,3.5,230.1,81.6,908.9
멸치깻잎볶음,45.9,볶음,87.1,8.7,249.7,304.5,720.1
멸치볶음,65.7,볶음,190.0,23.6,365.9,681.7,1420.9
멸치꽈리고추볶음,57.3,볶음,130.6,14.9,250.2,426.1,918.0
미역볶음,93.0,볶음,116.7,2.9,436.0,72.8,1036.6
미트볼케첩볶음,150.6,볶음,451.8,10.7,344.8,96.9,1319.1
미트볼피망볶음,154.8,볶음,281.7,9.5,394.5,101.2,719.6
버섯마늘볶음,68.6,볶음,59.8,2.7,218.0,71.1,621.1
버섯애호박볶음,69.3,볶음,33.7,1.5,162.2,41.8,273.4
부추잡채,81.0,반찬,172.1,1.4,200.6,35.9,528.0
부추표고버섯볶음,81.1,볶음,115.6,7.5,258.7,90.8,487.3
북어채볶음,40.1,볶음,127.5,15.3,318.5,153.7,507.8
비엔나소세지볶음,163.6,볶음,303.3,16.8,587.3,245.8,1535.2
삼겹살고추장볶음,135.1,볶음,319.7,11.3,375.2,137.4,613.4
삼겹살김치볶음,144.0,볶음,233.1,9.0,427.3,122.3,470.6
삼겹살야채볶음,132.6,볶음,297.7,11.2,351.0,136.9,678.1
새우마늘쫑볶음,63.5,볶음,119.1,6.9,225.2,124.8,379.5
생선묵김치볶음,97.2,볶음,85.7,4.9,246.1,70.0,504.0
생선묵새우볶음,82.2,볶음,156.9,8.7,197.5,118.8,477.8
생선묵야채볶음,128.5,볶음,180.2,10.8,229.7,121.1,1532.2
소세지김치볶음,138.1,볶음,231.4,10.4,420.1,154.1,1022.0
소세지야채볶음,177.7,볶음,246.0,11.4,555.8,179.1,1245.4
소세지케첩볶음,117.6,볶음,196.6,4.5,336.4,77.6,783.0
쇠고기감자볶음,149.1,볶음,206.4,14.1,435.0,151.1,526.7
쇠고기고추볶음,117.5,볶음,217.7,12.3,389.9,133.9,1029.2
쇠고기고추장볶음,140.8,볶음,233.1,15.6,412.5,153.9,635.1
쇠고기불고기,177.7,반찬,385.4,27.7,482.3,253.4,782.9
쇠고기야채볶음,101.7,볶음,161.1,11.2,296.8,111.9,377.3
쇠고기완자볶음,79.5,볶음,146.3,4.5,159.2,44.3,294.2
실멸치볶음,27.0,볶음,87.3,4.9,88.4,95.1,374.3
야채볶음,74.0,볶음,58.6,4.4,199.1,60.0,411.2
양배추햄볶음,162.7,볶음,286.0,13.4,460.8,194.0,1502.4
연근야채볶음,144.2,볶음,154.6,6.3,506.9,113.2,1116.5
오이쇠고기볶음,101.0,볶음,117.3,7.1,244.5,81.7,669.0
오징어불고기,165.2,반찬,180.4,20.1,490.7,295.8,999.5
오징어잡채,175.6,반찬,290.0,16.4,427.2,250.8,966.3
오징어제육볶음,167.2,볶음,266.0,23.4,555.4,285.6,492.9
진미채간장볶음,54.0,볶음,180.7,9.8,138.9,126.7,389.3
진미채고추장볶음,50.0,볶음,170.0,8.9,160.3,101.8,250.2
춘장제육볶음,191.1,볶음,446.3,23.0,474.0,237.9,1052.9
표고버섯감자볶음,87.2,볶음,85.7,1.9,237.5,53.5,405.0
표고버섯돼지고기볶음,100.5,볶음,130.1,5.9,276.6,92.2,648.8
표고버섯야채볶음,84.4,볶음,39.5,1.9,215.8,54.6,276.9
피망감자채볶음,121.5,볶음,92.3,2.1,328.7,59.1,1248.0
햄야채볶음,157.5,볶음,279.7,16.1,468.5,227.8,1626.2
호박새우볶음,79.0,볶음,58.5,4.4,225.2,84.2,486.0
호박새우젓볶음,171.2,볶음,129.4,8.1,418.1,118.7,492.4
감자두부조림,159.9,조림,91.9,6.4,284.3,120.1,512.2
감자마늘쫑조림,122.8,조림,104.6,2.6,391.5,77.5,138.2
감자야채조림,187.0,조림,82.5,4.9,364.6,111.5,458.6
감자케첩조림,185.2,조림,80.3,1.8,316.1,51.3,290.1
고등어감자조림,181.1,조림,233.4,20.2,564.2,259.1,593.3
고등어된장조림,247.2,조림,205.1,18.5,600.0,244.4,1151.0
김치꽁치조림,304.7,조림,231.1,23.6,648.0,292.8,836.3
꽁치깻잎조림,161.7,조림,162.2,20.3,379.4,236.3,643.6
돼지고기풋고추조림,142.7,조림,171.0,13.0,345.5,136.9,552.6
두부양파조림,188.2,조림,129.2,11.0,300.6,187.1,804.4
두부케첩조림,239.5,조림,438.1,12.7,351.2,212.1,1029.6
두부튀김버섯조림,211.2,조림,315.8,11.5,303.1,202.7,911.9
맛살쇠고기조림,198.8,조림,326.6,26.1,415.5,238.6,961.0
멸치깻잎조림,93.5,조림,82.8,6.8,291.8,226.0,514.2
무두부조림,144.6,조림,101.4,8.8,292.3,161.7,514.0
비엔나감자조림,253.0,조림,342.9,18.2,803.9,289.8,1728.7
소세지카레조림,217.1,조림,258.6,10.7,417.8,155.9,1214.2
쇠고기감자조림,178.3,조림,196.9,14.2,488.1,161.1,380.6
쇠고기고추장조림,146.5,조림,162.3,11.4,335.9,115.8,462.6
쇠고기완자조림,168.5,조림,248.0,9.9,296.1,92.3,744.3
코다리조림,265.0,조림,631.3,102.0,568.3,991.9,1978.8
콩자반,63.0,반찬,139.7,12.1,607.1,224.3,799.3
고등어카레튀김,147.7,튀김,483.2,17.6,300.3,214.2,658.7
닭고기카레튀김,303.1,튀김,776.1,51.3,735.4,278.3,1087.4
두부강정,183.3,반찬,466.0,10.5,258.2,179.1,377.2
두부야채튀김,185.3,튀김,469.2,14.0,334.4,203.5,475.7
멸치야채튀김,136.3,튀김,402.2,6.6,219.6,236.4,381.9
모듬야채튀김,136.0,튀김,380.6,2.7,202.5,69.8,451.8
햄맛살튀김,170.5,튀김,501.2,10.4,233.4,171.7,767.0
오징어튀김,181.7,튀김,453.1,20.8,392.5,313.9,792.0
가지무침,68.3,샐러드,26.2,1.3,173.3,33.0,191.6
골뱅이미역무침,69.0,샐러드,83.0,7.6,167.6,69.3,454.3
김무침,43.2,샐러드,69.4,4.9,463.3,95.4,441.7
단무지무침,58.0,샐러드,50.0,1.0,99.1,22.9,351.7
닭고기오이냉채,240.1,반찬,199.3,37.0,641.8,196.5,302.4
도라지오이생채,78.2,샐러드,68.9,1.6,209.4,46.2,503.5
두부야채무침,148.0,샐러드,119.8,7.6,342.5,139.9,545.0
무말랭이무침,84.0,샐러드,226.6,8.7,1644.1,224.2,652.9
무숙주나물,64.0,샐러드,19.2,1.0,124.4,23.4,365.6
부추간장무침,92.0,샐러드,45.3,2.1,308.9,36.8,482.0
부추오이무침,88.0,샐러드,44.7,2.0,366.6,45.8,555.0
북어채간장무침,68.5,샐러드,130.9,16.0,360.8,167.2,574.0
북어채고추장무침,71.5,샐러드,130.9,15.9,383.1,167.1,516.4
시금치무침,170.0,샐러드,94.9,6.1,1111.3,132.0,1546.1
열무된장무침,104.5,샐러드,69.1,3.6,396.9,72.1,494.0
열무무침,120.0,샐러드,58.5,3.0,403.5,66.2,730.5
오이지무침,30.8,샐러드,21.6,0.4,45.6,8.7,412.1
오징어도라지무침,143.5,샐러드,172.3,14.9,441.8,231.3,999.5
오징어무침,160.4,샐러드,260.6,20.9,706.4,324.8,1358.5
오징어미역무침,135.0,샐러드,146.2,16.3,482.4,246.2,437.5
오징어야채무침,97.0,샐러드,83.6,7.1,314.2,120.9,395.0
오징어젓갈무침,51.8,샐러드,77.4,3.7,104.6,65.8,799.8
오징어콩나물무침,148.0,샐러드,113.4,14.1,459.1,219.0,503.2
진미야채무침,62.2,샐러드,107.4,7.8,207.2,100.4,431.1
콩나물겨자무침,113.0,샐러드,175.4,4.7,247.2,156.5,507.4
파래무침,22.7,샐러드,16.2,0.5,47.7,12.1,298.0
감자샐러드,87.7,샐러드,141.8,1.4,240.9,47.4,178.2
달걀샐러드,40.5,샐러드,129.8,0.6,76.4,14.6,387.7
과일야채샐러드,123.0,샐러드,155.5,1.0,217.7,31.8,325.8
맛살샐러드,104.5,샐러드,134.1,3.8,156.8,50.2,542.6
오징어간장샐러드,148.0,샐러드,129.7,16.7,456.4,251.8,642.2
참치샐러드,132.0,샐러드,255.7,14.1,266.6,141.8,181.0
감자크림스프,520.1,수프(간식),221.9,7.1,476.3,215.8,631.7
게맛살스프,405.1,수프(간식),244.1,8.8,337.2,213.5,969.2
당근스프,470.1,수프(간식),215.0,6.7,383.9,198.1,776.0
