idx,pass_frac,final_pass,calorie_violation,protein_violation,potassium_violation,phosphorus_violation,sodium_violation,unrealistic_amount,ingredient_clash,overload,p_overload,a_keep,o_keep,preserve,r0_reward
0,1.0,True,0.0,0.0,0.0,0.0,0.0,False,False,False,False,0.48308243727598565,0.39299233189146665,0.45605540566062996,0.4392935956388822
1,0.8,False,0.0,0.06591000000000014,0.0,0.0,0.0,True,False,False,False,0.9358811375789985,0.39822495763089827,0.7745842835945684,0.7078767426056091
2,0.8,False,0.0,0.1251575556699704,0.0,0.0,0.0,False,False,False,False,0.2629923896499239,0.4770372601870938,0.32720585081107484,0.5115084607641628
3,0.8,False,1.8947806286936006e-16,0.0,0.0,0.0,0.0,False,False,False,False,0.8204840326507232,0.3974554298694445,0.6935754518163395,0.5178980361111742
4,0.6,False,0.0037702673109064715,0.051222791573023084,0.0,0.0,0.0,True,False,False,False,0.9729135802469135,0.33739702080512113,0.7822586124143758,0.5326778765573951
5,1.0,False,0.0,0.0,0.0,0.0,0.0,False,False,True,False,0.5973117117117117,0.4692134236090668,0.5588822252809182,0.7792889652634678
6,0.8,False,0.0,0.019230094639666184,0.0,0.0,0.0,True,False,False,False,0.9912867469879518,0.34057226277372243,0.796072401723683,0.7245985776256986
7,0.8,False,0.0,0.0004678243261214317,0.0,0.0,0.0,True,False,False,False,0.8963417874396136,0.4915818584070798,0.7749138087298534,0.7084802244124138
8,0.6,False,1.8947806286936006e-16,0.0008141653252680866,0.0,0.0,0.0,True,False,False,False,0.9378527282359174,0.6292240713286422,0.8452641311637348,0.7398529395153327
9,1.0,True,0.0,0.0,0.0,0.0,0.0,False,False,False,False,0.16257371225577266,0.0,0.11380159857904086,0.3746449392713066
10,1.0,False,0.0,0.0,0.0,0.0,0.0,True,False,False,False,0.9503569705740473,0.49630375579829433,0.8141410061413215,0.9049916013798033
11,0.6,False,0.003789095587568075,0.04212000000000016,0.0,0.0,0.0,False,False,False,False,0.6660657946888624,0.40961817744650153,0.5891315095161541,0.6348217266166893
12,1.0,True,0.0,0.0,0.0,0.0,0.0,False,False,False,False,0.9715595026642984,0.4047821782178217,0.8015263053303554,0.723108181290598
13,0.6,False,0.0,0.0,0.1484135865484627,0.17287181811849708,0.0,True,False,False,False,0.701194998669859,0.6726481469291028,0.6926309431476321,0.507851041284736
14,0.6,False,0.02886134575446723,0.043620000000000214,0.0,0.0,0.0,False,False,False,False,0.7972677484787019,0.4630632911392406,0.6970064112768635,0.5068887650931171
15,0.8,False,0.0,0.01783549748849067,0.0,0.0,0.0,False,False,False,False,0.632818315018315,0.06564009409304761,0.4626648487407347,0.43732032240942537
16,0.6,False,1.8947806286936006e-16,0.01781439048160956,0.0,0.0,0.0,False,False,False,False,1.0,0.580514441134568,0.8741543323403703,0.7480357259422354
17,0.6,False,0.002576278451773722,0.04212000000000001,0.0,0.0,0.0,False,False,False,False,0.5002887323943661,0.3402781836130304,0.4522855677599654,0.43819181332466667
18,1.0,False,0.0,0.0,0.0,0.0,0.0,True,False,False,False,0.9847208888888889,0.32169289827255265,0.785812491703988,0.9088963618637124
19,1.0,False,0.0,0.0,0.0,0.0,0.0,True,False,False,False,0.18450605060506053,0.6273866831072749,0.3173702403557248,0.6586851201778624
20,0.8,False,0.0,0.0,0.0,0.07585074328844894,0.0,False,False,False,False,0.5015716945996276,0.4466441986780969,0.4850934458231683,0.5939940547291783
21,1.0,True,0.0,0.0,0.0,0.0,0.0,False,False,False,False,0.7078939393939394,0.4415861459100958,0.6280016013487864,0.8262749556452513
22,0.8,False,0.0,0.0020396585869969877,0.0,0.0,0.0,True,False,False,False,0.9852888182299947,0.23231975435005114,0.7593980990660115,0.4931462511370423
23,0.6,False,0.0056172811229218194,0.0012333333333334195,0.0,0.0,0.0,False,False,False,False,0.8244042759961127,0.3089720119697238,0.669774596788196,0.4999056776077796
24,1.0,True,0.0,0.0,0.0,0.0,0.0,False,False,False,False,0.3034063926940641,0.5540790219173997,0.3786081814610648,0.6598996960739126
25,0.8,False,0.0,0.2903973450470216,0.0,0.0,0.0,False,False,False,False,0.631523961661342,0.25316613316261205,0.518016613111723,0.3372184799463837
26,1.0,False,0.0,0.0,0.0,0.0,0.0,True,False,False,False,0.8862041785375119,0.40878445316331535,0.7429782609252529,0.86358857532159
27,0.6,False,0.022073309473662636,0.21232833333333337,0.0,0.0,0.0,True,False,False,False,0.6248556776556776,0.3444044189623827,0.5407203000476891,0.46315718479395024
28,1.0,True,0.0,0.0,0.0,0.0,0.0,False,False,False,False,0.9843677058353317,0.5742329530379411,0.8613272799961145,0.9092571961640027
29,0.4,False,0.004180589722712398,0.008830244877188273,0.0,0.005209179630886297,0.0,False,False,True,False,0.760461824953445,0.47103005899428785,0.6736322951656979,0.3344455338528793
30,0.8,False,0.0,0.030201455459616906,0.0,0.0,0.0,False,False,False,False,0.6214672727272728,0.6849086035231045,0.6404996719660223,0.6591875553678217
31,0.6,False,0.0,0.0034670387905662756,0.0,0.1027664798253777,0.0,False,False,False,False,0.9673147321428571,0.47698574792415416,0.8202160368772462,0.3548822387764903
32,0.4,False,0.25169940104449184,0.0,0.16208851359134202,0.17025201185208194,0.0,True,True,False,False,0.6864714019686087,0.466452909558308,0.6204658542455185,0.3240099915528742
33,0.8,False,0.0,0.11029955205391495,0.0,0.0,0.0,True,False,False,False,0.7618310397553517,0.17528289282602383,0.5858665956765533,0.4855234495133058
34,1.0,True,0.0,0.0,0.0,0.0,0.0,False,False,False,False,0.8430364444444445,0.5198568265682656,0.7460825590815908,0.9393500529959585
35,0.6,False,1.8947806286936006e-16,0.00038715558269641903,0.0,0.0,0.0,False,False,False,False,0.9194275058275059,0.530603050344176,0.8027801691825069,0.7195451527717345
36,0.6,False,0.019304534999812214,0.043619999999999916,0.0,0.0,0.0,False,False,False,False,0.47427692307692293,0.3771116296205328,0.44512733504000584,0.4335382005120017
37,1.0,False,0.0,0.0,0.0,0.0,0.0,True,False,False,False,0.9681524360829715,0.23480160205979106,0.7481471858760174,0.8738274049820653
38,1.0,True,0.0,0.0,0.0,0.0,0.0,False,False,False,False,0.9881655580192166,0.4338898909678288,0.8218828579038001,0.9092627476051434
39,0.6,False,0.025226729113575933,0.0,0.0,0.11898888376950141,0.0,True,False,False,False,0.8561783783783784,0.4763225806451613,0.7422216390584132,0.5217234021585545
40,0.8,False,0.0,0.013409999999999922,0.0,0.0,0.0,False,False,False,False,0.7124597464885235,0.4237933905146316,0.6258598396963558,0.6570668295716606
41,1.0,False,0.0,0.0,0.0,0.0,0.0,True,False,True,False,0.9262324687800192,0.2796293023255815,0.7322515188436878,0.6953893010656123
42,0.8,False,0.0,0.3510975856969696,0.0,0.0,0.0,False,False,False,True,0.8388602150537634,0.636860341779611,0.7782602530715177,0.709666670468442
43,0.8,False,0.0,0.022007971208628963,0.0,0.0,0.0,False,False,False,False,0.7140047961630696,0.6712693345323741,0.7011841576738609,0.6888999070743406
44,1.0,True,0.0,0.0,0.0,0.0,0.0,False,False,False,False,0.9869964444444445,0.5179256710254646,0.8462752124187505,0.7236868871331346
45,1.0,True,0.0,0.0,0.0,0.0,0.0,False,False,False,False,0.512,0.414592057761733,0.48277761732851987,0.7392611677915555
46,1.0,True,0.0,0.0,0.0,0.0,0.0,False,False,False,False,0.9990886075949367,0.7552493554624556,0.9259368319551924,0.9507752601606448
47,1.0,True,0.0,0.0,0.0,0.0,0.0,False,False,False,False,0.6928232022248708,0.09044762897342362,0.5121105302494366,0.6043206585960648
48,0.8,False,0.0,0.0013305022587171145,0.0,0.0,0.0,True,False,False,False,0.9565431754874651,0.5375308978328173,0.8308394921910707,0.5481273254809972
49,1.0,True,0.0,0.0,0.0,0.0,0.0,False,False,False,False,0.7343772062531517,0.5813752156411731,0.6884766090695581,0.8445471450036639
50,0.8,False,0.0,0.0,0.0,0.10621159395212124,0.0,False,False,False,False,0.8,0.31326501557170394,0.6539795046715111,0.7543971170102328
51,0.6,False,0.007616360785573685,0.03170333333333349,0.0,0.0,0.0,True,False,False,False,0.7615796130952381,0.5369941446028512,0.694203972547522,0.507659901031059
52,1.0,False,0.0,0.0,0.0,0.0,0.0,True,False,True,False,0.6382566547477155,0.429586467257151,0.5756555985005462,0.6343546577139254
53,1.0,False,0.0,0.0,0.0,0.0,0.0,True,False,False,False,0.6904488594554821,0.3383578223495701,0.5848215483237085,0.7846867684185448
54,0.6,False,0.0,0.0,0.17142239479310092,0.2263055110010722,0.0,True,False,False,False,0.5111799116997793,0.0,0.3578259381898455,0.4073484768211921
55,0.6,False,0.16134494434832855,0.0,0.0,0.0022480334329359267,0.0,True,False,False,False,0.64,0.4295216438927715,0.5768564931678314,0.6148250172108063
56,0.6,False,0.006510744167111397,0.0,0.0,0.1179432349243695,0.0,True,False,False,False,0.5258146666666668,0.18169063447470157,0.4225774570090772,0.41073366542015527
57,0.8,False,0.0,0.09111419037266977,0.0,0.0,0.0,True,False,False,False,0.9545678265254665,0.3100192554557123,0.7612032552045402,0.7030545190266171
58,0.6,False,0.1538881767278705,0.036849166666666676,0.0,0.0,0.0,True,False,False,False,0.41494117647058826,0.23687449083503065,0.36152117077992096,0.418569209829879
59,0.6,False,0.0,0.14855288072747316,0.0,0.10788153932764215,0.0,False,False,False,False,0.9781849957374253,0.4079445733788396,0.8071128690298496,0.5266868275516527
60,0.6,False,0.060927338112623866,0.0,0.0,0.028933154407849545,0.0,False,True,False,False,0.9814897777777778,0.7450038553576176,0.9105440010517297,0.5725649551679518
61,1.0,True,0.0,0.0,0.0,0.0,0.0,False,False,False,False,0.9938273224043715,0.3382052987235866,0.797140715300136,0.8969791316498535
62,0.8,False,0.0,0.5312085868816893,0.0,0.0,0.0,False,False,False,False,0.4620014336917563,0.12777773556230976,0.3617343242529223,0.41529367168349834
63,0.4,False,0.0,0.025580423326101737,0.0,0.022459587542963278,0.05180592076239033,False,False,False,False,0.8243513513513514,0.5601738108232922,0.7450980891929336,0.34887844039942373
64,0.6,False,3.789561257387201e-16,0.015935349237959844,0.0,0.0,0.0,False,False,False,False,0.9854941860465116,0.6037838868584141,0.8709810962900824,0.9352170061142133
65,1.0,True,0.0,0.0,0.0,0.0,0.0,False,False,False,False,0.6228794788273615,0.36897406340057626,0.5467078541993259,0.5984304309946994
66,1.0,True,0.0,0.0,0.0,0.0,0.0,False,False,False,False,0.9487655068078669,0.6745950450964722,0.8665143682944484,0.9314605406947754
67,1.0,True,0.0,0.0,0.0,0.0,0.0,False,False,False,False,0.8256216216216217,0.48746523575750655,0.7241747058623871,0.915544504472791
68,0.8,False,0.0,0.0,0.0,0.08583502011129861,0.0,False,False,False,False,0.8185326953748006,0.6251157752200406,0.7605076193283725,0.5289904806933317
69,0.6,False,0.0017239244984629447,0.00031819590957334515,0.0,0.0,0.0,False,False,True,False,0.5849444444444445,0.42558566853482793,0.5371368116715595,0.4604735428032348
70,0.8,False,0.0,0.019515890112209888,0.0,0.0,0.0,False,False,False,False,0.8918684405025868,0.48177970423253436,0.768841819621571,0.8944926294260624
71,0.8,False,0.0,0.0,0.0,0.005015427079262793,0.0,False,False,False,False,0.6702213333333333,0.378297515327525,0.5826441879315908,0.6452662296740884
72,0.8,False,0.0,0.0,0.0,0.015825157982617726,0.0,False,False,False,False,0.9707477619799895,0.6063179800221975,0.8614188273926519,0.5658914714692995
73,1.0,False,0.0,0.0,0.0,0.0,0.0,True,False,False,False,0.27178442545109205,0.35939586297471826,0.2980678567081799,0.6548671099869341
74,1.0,True,0.0,0.0,0.0,0.0,0.0,False,False,False,False,0.9859366120218579,0.45904095329406924,0.8278679144035213,0.9435913544966892
75,0.8,False,0.0,0.16132701718777606,0.0,0.0,0.0,False,False,False,False,0.6238593392214589,0.5829688041594454,0.6115921787028548,0.643316271854813
76,0.8,False,0.0,0.0005249999999999607,0.0,0.0,0.0,True,False,False,False,0.557705038371705,0.23599417475728157,0.461191779287378,0.4274177594050361
77,1.0,True,0.0,0.0,0.0,0.0,0.0,False,False,False,False,0.2609497716894975,0.06920732813350261,0.20342703862269904,0.7403348673082386
78,0.8,False,0.0,0.1701945454545453,0.0,0.0,0.0,False,False,False,False,0.5,0.16893353941267386,0.4006800618238021,0.5593446676970634
79,0.8,False,0.0,0.03400833333333342,0.0,0.0,0.0,False,False,False,False,0.5433186813186813,0.23312246865959485,0.4502598175209554,0.4451668170440937
80,1.0,True,0.0,0.0,0.0,0.0,0.0,False,False,False,False,0.6899021035598707,0.32476129978011226,0.5803598624259431,0.4706514771786545
81,1.0,False,0.0,0.0,0.0,0.0,0.0,True,False,False,False,0.9848577777777778,0.4969831331459239,0.8384953843882217,0.9172021415566345
82,1.0,True,0.0,0.0,0.0,0.0,0.0,False,False,False,False,0.5726002055498459,0.6464273618114356,0.5947483524283228,0.807292607653008
83,0.8,False,0.06811351247453429,0.0,0.0,0.0,0.0,True,False,False,False,0.0,0.0,0.0,0.4542440635810614
84,1.0,False,0.0,0.0,0.0,0.0,0.0,True,False,False,False,0.9918709349593496,0.30585623857082567,0.7860665260427924,0.8912109814065418
85,0.6,False,0.003706573333333078,0.3839693,0.0,0.0,0.0,True,False,False,False,0.6477746666666666,0.4415881006864988,0.5859186968726162,0.6577719484034501
86,1.0,True,0.0,0.0,0.0,0.0,0.0,False,False,False,False,0.9396567980388459,0.46335992217898836,0.7967677352808886,0.5507371563952651
87,0.8,False,0.0,0.0,0.0,0.055405030716887724,0.0,True,False,False,False,0.9996012658227849,0.49556094656942995,0.8483891700467784,0.7377014218511269
88,0.8,False,0.0,0.019560691437353245,0.0,0.0,0.0,False,False,False,False,0.6836166666666667,0.5519872306464486,0.6441278358606012,0.6549866184568292
89,1.0,True,0.0,0.0,0.0,0.0,0.0,False,False,False,False,0.9601440922190202,0.34539831200653426,0.7757203581552744,0.36112060527885687
90,0.8,False,0.0,0.0,0.0,0.1571118409391101,0.0,False,False,False,False,0.0,0.33677180672938944,0.10103154201881683,0.43864019135704035
91,0.8,False,0.0,0.07369687525249737,0.0,0.0,0.0,False,False,False,False,0.021897667419112143,0.3786271157462815,0.12891650191726295,0.4542440635810614
92,0.8,False,0.0,0.043091790182841774,0.0,0.0,0.0,False,False,False,False,0.5685719120135364,0.5396036257489629,0.5598814261341644,0.6122234361984105
93,0.6,False,0.008928827821316834,0.008025285416666547,0.0,0.0,0.0,True,False,True,False,0.8575498575498576,0.03465429972174383,0.6106811902014234,0.49796366539486453
94,0.6,False,0.029065969863345722,0.09462000000000008,0.0,0.0,0.0,False,False,False,False,0.6895693285657529,0.42336132520418723,0.6097069275572832,0.6528672445367589
95,0.6,False,0.0,0.015986335644291156,0.0,0.010358173809241578,0.0,False,False,True,False,0.7308358739837398,0.5001525718376112,0.6616308833399012,0.7917527608366444
96,1.0,True,0.0,0.0,0.0,0.0,0.0,False,False,False,False,0.8288310606060606,0.5919013683010262,0.7577521529145502,0.8764302707231955
97,0.6,False,0.007831474846268142,0.09461999999999993,0.0,0.0,0.0,False,False,False,False,0.7199403726708075,0.34361899923799855,0.6070439606409648,0.4869940397345142
98,0.4,False,0.14769098455136742,0.00409881379139317,0.0,0.09781785850974445,0.0,False,False,False,False,0.780915091509151,0.6522381493338841,0.7423120088565709,0.4917530352052038
99,0.8,False,0.0,0.05636936856901122,0.0,0.0,0.0,True,False,False,False,0.9575940298507463,0.6748934716002828,0.8727838623756071,0.7825935994901758
100,1.0,True,0.0,0.0,0.0,0.0,0.0,False,False,False,False,0.783536108146567,0.32224396378269626,0.6451484648374057,0.6461774568578315
101,0.6,False,0.036688623542688675,0.036849166666666676,0.0,0.0,0.0,False,False,False,False,0.8098692025358692,0.15222514478764515,0.612575985211402,0.8129584690345106
102,0.8,False,0.0,0.010159609603424288,0.0,0.0,0.0,True,False,False,False,0.9462955823293173,0.5493367987446058,0.8272079472539039,0.7311361354842675
103,1.0,True,0.0,0.0,0.0,0.0,0.0,False,False,False,False,0.9812353433835845,0.2856822955184144,0.7725694290240334,0.8906425018215862
104,1.0,False,0.0,0.0,0.0,0.0,0.0,True,False,False,False,0.736599423631124,0.42268186949650033,0.6424241573907369,0.8263776550566533
105,0.6,False,0.046743803469465016,0.032740530988844885,0.0,0.0,0.0,False,False,False,False,0.9456979919678715,0.3701029837279487,0.7730194894958946,0.7196992926403976
106,0.6,False,0.0027043471412408356,0.27516878663049815,0.0,0.0,0.0,False,False,False,False,0.6002976774615636,0.381438908796671,0.5346400468620958,0.6083075272409659
107,1.0,True,0.0,0.0,0.0,0.0,0.0,False,False,False,False,0.9917733739837399,0.6336685152508192,0.8843419163638636,0.9144199432154707
108,0.8,False,0.0,0.0627839573430416,0.0,0.0,0.0,False,False,False,False,0.9933071038251367,0.5817103330486764,0.8698280725921985,0.7419367217781262
109,1.0,True,0.0,0.0,0.0,0.0,0.0,False,False,False,False,0.9847865853658536,0.6713351714630363,0.8907511611950084,0.7600972868112793
110,1.0,True,0.0,0.0,0.0,0.0,0.0,False,False,False,False,0.9328291948833709,0.6384681727713957,0.8445208882497782,0.8906815838378953
111,0.6,False,0.023483846075087248,0.07382833333333316,0.0,0.0,0.0,False,False,False,False,0.7341319030591975,0.5212074846044528,0.6702545775227741,0.4859361865030723
112,0.8,False,0.0,0.0,0.0,0.19547088755911832,0.0,True,False,False,False,0.8466162162162162,0.7126831715002251,0.8064363028014188,0.5453733205147144
113,0.6,False,0.00014544578634305102,0.0400366666666665,0.0,0.0,0.0,True,False,False,False,0.7005536616161616,0.2561315985923004,0.5672270427090033,0.7962776346702602
114,0.8,False,0.017914092150103898,0.0,0.0,0.0,0.0,False,False,False,False,0.7470693739424704,0.4593965849628202,0.6607675372485753,0.49611918044979286
115,1.0,False,0.0,0.0,0.0,0.0,0.0,True,False,False,False,0.9516509522911559,0.5981367655834644,0.8455966962788484,0.9303555960100909
116,1.0,True,0.0,0.0,0.0,0.0,0.0,False,False,False,False,0.9702907630522088,0.6591205578650932,0.876939701496074,0.9270565670809832
117,1.0,False,0.0,0.0,0.0,0.0,0.0,False,False,True,False,0.7548831908831909,0.470349805859513,0.6695231753760875,0.8209367311354545
118,0.8,False,0.0,0.3327601868862855,0.0,0.0,0.0,True,False,False,False,0.6774836400817996,0.45990922167172765,0.612211314558778,0.6469596033366964
119,1.0,False,0.0,0.0,0.0,0.0,0.0,True,False,False,False,0.9611229838709677,0.34723360019118166,0.7769561687670319,0.8809079969866069
120,1.0,False,0.0,0.0,0.0,0.0,0.0,True,False,False,False,0.7797100509495137,0.6010412007655888,0.7261093958943361,0.8649220681423675
121,1.0,True,0.0,0.0,0.0,0.0,0.0,False,False,False,False,0.9033232780291603,0.5420127368748058,0.794930115682854,0.7134775734761131
122,0.6,False,1.8947806286936006e-16,0.020962488253873406,0.0,0.0,0.0,False,False,False,False,0.6921301815690306,0.5161133184107443,0.6393251226215446,0.8012888879047854
123,0.6,False,0.007658889590052051,0.06387414592560514,0.0,0.0,0.0,True,False,False,False,0.6178628891220708,0.38641107619940107,0.5484273452452698,0.4598302479406246
124,0.4,False,0.07531872360957284,0.019898962576782253,0.0,0.01111139959899299,0.0,False,False,False,False,0.9124466858789625,0.5390616733067728,0.8004311821073056,0.36109519259676
125,0.8,False,0.0,0.0,0.0,0.0063705668767464665,0.0,False,False,False,False,0.9796483126110125,0.6914134979654833,0.8931778682173537,0.7255844725737556
126,0.6,False,0.013004182833019134,0.02213333333333341,0.0,0.0,0.0,False,False,False,False,0.7433897497020263,0.3190574562548968,0.6160900616678875,0.487943113037664
127,0.6,False,0.00228071545354472,0.042703333333333315,0.0,0.0,0.0,True,False,False,False,0.780926926926927,0.1751947391182681,0.5992072705843293,0.4483829712319356
128,1.0,False,0.0,0.0,0.0,0.0,0.0,True,False,True,False,0.881128526645768,0.3490001429047779,0.721490011523471,0.8503927839528591
129,0.4,False,0.04259756161137204,0.010927275822234517,0.0,0.14999962248104975,0.0,False,True,False,False,0.7058871212121212,0.5235432128321762,0.6511839486981377,0.728422220464158
130,1.0,False,0.0,0.0,0.0,0.0,0.0,False,True,False,False,0.9103722504230118,0.5093299849321951,0.7900595707757667,0.8936134226056169
131,1.0,False,0.0,0.0,0.0,0.0,0.0,True,False,False,False,0.47039474548440074,0.43464606876653045,0.45967014246903964,0.5896868420735533
132,0.8,False,0.0,0.0,0.0,0.08839583426925846,0.0,False,False,False,False,0.9811947712418301,0.7695981001922425,0.9177157699269538,0.7618415901148503
133,1.0,False,0.0,0.0,0.0,0.0,0.0,True,False,False,False,0.8878729021308693,0.3498775905950793,0.7264743086701323,0.6904621752920743
134,0.8,False,0.0,0.0,0.0,0.13938974729144907,0.0,False,False,False,False,0.8872189189189189,0.5636036923076924,0.7901343509355508,0.7017015232709634
135,0.8,False,0.0,0.06595333333333316,0.0,0.0,0.0,True,False,False,False,0.7863630640083945,0.6146594016247275,0.7348519652932943,0.514521420774832
136,0.6,False,0.0037647309762261706,0.09670333333333285,0.0,0.0,0.0,False,False,False,False,0.5178431372549019,0.3460973739251685,0.4663194082559819,0.44121591084742523
137,0.4,False,0.028294648123117366,0.013796239014962778,0.0,0.017837519115031966,0.0,False,False,False,False,0.9151936056838366,0.669175767454496,0.8413882542150343,0.735364389686755
138,1.0,True,0.0,0.0,0.0,0.0,0.0,False,False,False,False,0.9466575342465754,0.7118490851735015,0.8762149995246532,0.9256910581795659
139,0.8,False,0.0,0.008109090909090904,0.0,0.0,0.0,True,False,False,False,0.559472,0.4703897261171538,0.5327473178351461,0.5209103525095007
140,0.6,False,0.008361452303594016,0.11262361642307103,0.0,0.0,0.0,True,False,False,False,0.6760819819819819,0.42534399320786764,0.6008605853497475,0.44716892755058724
141,0.8,False,0.0,0.01660829019953051,0.0,0.0,0.0,False,False,False,False,0.9761608527131783,0.6453611949785476,0.876920955392789,0.5602861801503332
142,1.0,False,0.0,0.0,0.0,0.0,0.0,True,False,False,False,0.9177193605683837,0.5810510731091472,0.8167188743306126,0.9083594371653063
143,1.0,False,0.0,0.0,0.0,0.0,0.0,True,False,False,False,0.8032885595182955,0.5498456741057779,0.7272556938945401,0.86362784694727
144,0.4,False,0.12379026847298216,0.03170333333333334,0.0,0.030815526921059305,0.0,False,False,False,False,0.559996699669967,0.4623020455534599,0.5306883034350148,0.45803770530585625
145,0.4,False,1.8947806286936006e-16,0.06747046756608457,0.0,0.009651547259080077,0.0,False,False,False,False,0.6739613333333334,0.40668715335032246,0.5937790793384301,0.47624122450607104
146,0.8,False,0.0,0.07943309383198156,0.0,0.0,0.0,False,False,True,False,0.8553638211382114,0.7196841490480084,0.8146599195111505,0.7311567669702745
147,1.0,True,0.0,0.0,0.0,0.0,0.0,False,False,False,False,0.9632827094474153,0.06806180625630676,0.6947164384900828,0.5045360392435664
148,1.0,False,0.0,0.0,0.0,0.0,0.0,True,False,True,False,0.6718060009977906,0.3710932807592673,0.5815921849262337,0.7927295737524254
149,0.4,False,0.04372724439914047,0.031703333333333195,0.0,0.045403505392608054,0.0,True,False,False,False,0.9135446685878963,0.5440803713527853,0.802705379417363,0.36063648702405615
150,0.8,False,0.0,0.0,0.0,0.06316521775943108,0.0,True,True,True,False,0.634904017857143,0.23178326086956502,0.5139677907608695,0.5901406815217393
151,1.0,True,0.0,0.0,0.0,0.0,0.0,False,False,False,False,0.5919630690862784,0.2266216925431882,0.4823606561233513,0.7331945480486944
152,1.0,True,0.0,0.0,0.0,0.0,0.0,False,False,False,False,0.8235375118708452,0.49932977681001633,0.7262751913525964,0.8653521676408902
153,0.8,False,0.0,0.03170333333333349,0.0,0.0,0.0,False,False,False,False,0.6829128205128205,0.17297270818754396,0.5299307868152375,0.6187919177477527
154,0.6,False,0.0,0.0,0.1696844639378844,0.2267318787203686,0.0,True,False,False,False,0.8947297297297298,0.2742867587327378,0.708596838430632,0.50882627889872
155,1.0,False,0.0,0.0,0.0,0.0,0.0,True,False,False,False,0.7474102564102564,0.43842251368903595,0.6547139335938902,0.8233910364582634
156,1.0,True,0.0,0.0,0.0,0.0,0.0,False,False,False,False,0.9902926829268293,0.6629090674244381,0.8920775982761118,0.7570680991340656
157,1.0,True,0.0,0.0,0.0,0.0,0.0,False,False,False,False,0.9950730923694779,0.8175877300613497,0.9418274836770394,0.9615350908542144
158,1.0,True,0.0,0.0,0.0,0.0,0.0,False,False,False,False,0.9462222222222222,0.6997687246963562,0.8722861729644623,0.9305924791947817
159,0.8,False,0.0,0.0,0.0,0.03976814547098621,0.0,True,True,False,False,0.9996012658227849,0.11157702038993889,0.733193992192931,0.6965567634198128
160,0.6,False,0.08875320495765796,0.0,0.0,0.11675038020608867,0.0,False,False,False,False,0.7904261261261261,0.5160377765785213,0.7081096212618446,0.6904352343946754
161,0.8,False,0.0,0.1525822752789967,0.0,0.0,0.0,False,False,False,False,0.5129977827050998,0.37602389732998975,0.47190561709256673,0.5880176888039638
162,0.2,False,0.06712918733742318,0.11802418158130802,1.1420851438744344,0.1132326839410411,0.0,True,False,True,False,0.0,0.1483105473631593,0.044493164208947784,0.10506723694076481
163,0.6,False,0.015097655285212569,0.07382833333333332,0.0,0.0,0.0,False,False,False,False,0.8058221749468152,0.2742893491425372,0.6463623272055318,0.8114956753004807
164,1.0,True,0.0,0.0,0.0,0.0,0.0,False,False,False,False,0.9805638554216868,0.594730904383207,0.8648139701101427,0.9295311165431097
165,0.4,False,1.8947806286936006e-16,0.056987865526336424,0.0,0.015006246991517402,0.0,True,False,False,False,0.5023613231552163,0.4954099992625911,0.5002759259874288,0.30031154239828217
166,0.8,False,0.0,0.0,0.0,0.020845726595361214,0.0,False,False,False,False,0.9274555028962612,0.6353647192285876,0.8398282677959591,0.5129827574040371
167,0.6,False,0.013774233412323913,0.031703333333333195,0.0,0.0,0.0,False,False,False,False,0.5029976525821596,0.34062804937311675,0.4542867716194467,0.43602614450308613
168,0.8,False,0.0,0.0021083333333333045,0.0,0.0,0.0,True,False,True,False,0.7012983630952381,0.30668398515558093,0.5829140497133409,0.634282034387192
169,1.0,True,0.0,0.0,0.0,0.0,0.0,False,False,False,False,0.9518765074770863,0.6464445777351246,0.8602469285544978,0.9094805387543714
170,0.4,False,0.14583503422490784,0.03170333333333349,0.0,0.013697863872729102,0.0,False,False,False,False,0.6822519083969465,0.5217625547959206,0.6341051023166386,0.5042422161941007
171,0.8,False,0.0,0.10071014038748141,0.0,0.0,0.0,True,False,False,False,0.512,0.4627685070562021,0.4972305521168606,0.6016197474622431
172,0.8,False,0.0,0.02065259891580447,0.0,0.0,0.0,False,False,False,False,0.6422466598150052,0.5201804793145,0.6056268056648536,0.6311924406973284
173,0.8,False,0.0,0.11441397410325087,0.0,0.0,0.0,False,False,False,False,0.8234868105515587,0.5490262675626145,0.7411486476548754,0.5234600351288914
174,0.8,False,0.0,0.1097052570202169,0.0,0.0,0.0,True,False,True,False,0.4569604395604394,0.22633175939232175,0.3877718355100041,0.5992936973927324
175,0.6,False,0.021161121852197578,0.04606529943353185,0.0,0.0,0.0,False,False,True,False,0.7976158552806597,0.44020013963230153,0.6903911405861523,0.5052154089185257
176,0.6,False,0.0032222101467527862,0.031703333333332896,0.0,0.0,0.0,False,False,False,False,0.5525050980392157,0.6878378539050307,0.5931049247989602,0.479162386438722
177,0.6,False,0.0,0.00846663167268279,0.0,0.0494782915472274,0.0,True,False,False,False,0.9997324907846235,0.5012248367997572,0.8501801945891635,0.7434169935787959
178,0.8,False,0.0,0.17900345749421057,0.0,0.0,0.0,True,False,False,False,0.8001339375629406,0.5616753441461089,0.728596359537891,0.7883181717916103
179,0.8,False,0.0,0.2972563272577722,0.0,0.0,0.0,True,False,False,False,0.5,0.6048847232472323,0.5314654169741697,0.6125861667896679
180,0.8,False,0.0,0.018217998318351913,0.0,0.0,0.0,True,False,False,False,0.9998177000529942,0.5179546424759871,0.855258782779892,0.5541864155169985
181,1.0,False,0.0,0.0,0.0,0.0,0.0,False,False,True,False,0.6044600141542817,0.4182636783124586,0.5486011134017348,0.7765744269918513
182,0.8,False,0.0,0.03322723301119934,0.0,0.0,0.0,False,False,False,False,0.9890355555555556,0.19418605259714783,0.7505807046680333,0.8695227685056769
183,0.8,False,0.0,0.024483333333333263,0.0,0.0,0.0,True,False,False,False,0.6610364583333334,0.41197591720619964,0.5863182959951931,0.6332260823768885
184,0.4,False,1.8947806286936006e-16,0.056987865526336424,0.0,0.015006246991517402,0.0,True,False,False,False,0.5023613231552163,0.4954099992625911,0.5002759259874288,0.30031154239828217
185,0.4,False,0.13007816317097554,0.03029519279203156,0.0,0.0106150286294652,0.0,False,False,False,False,0.962519062609304,0.33134367426078526,0.7731664461047483,0.693563679750673
186,0.6,False,1.8947806286936006e-16,0.12181849724629,0.0,0.0,0.0,False,False,False,False,0.52843880428652,0.29486271590232294,0.45836597777126087,0.37788484141212886
187,0.6,False,0.0027587193873531155,0.11795333333333365,0.0,0.0,0.0,True,False,False,False,0.6120678787878788,0.20032219053051914,0.4885441723106709,0.4458736578333246
188,1.0,True,0.0,0.0,0.0,0.0,0.0,False,False,False,False,0.9846545654565456,0.6107929572872515,0.8724960830057573,0.9353244190705343
189,0.6,False,0.0,0.04149318160830676,0.0,0.06525929146304923,0.0,False,False,False,False,0.806811755952381,0.39296150556030796,0.682656680834759,0.3387758753284248
190,0.8,False,0.0,0.09810227712161906,0.0,0.0,0.0,False,False,False,False,0.9686745628877609,0.2251237356242206,0.7456093147086987,0.5250056106246602
191,0.8,False,0.0,0.05180059158690543,0.0,0.0,0.0,False,False,False,False,0.6355172024816695,0.6064474279253815,0.6267962701147831,0.6204289359486577
192,0.8,False,0.0,0.0,0.0,0.024128423222821768,0.0,False,False,False,False,0.9489081081081081,0.5479627844412063,0.8286245110080375,0.7272390481372528
193,1.0,True,0.0,0.0,0.0,0.0,0.0,False,False,False,False,0.8669262926292629,0.6605604046242775,0.8050165262277672,0.9260440993564674
194,0.8,False,0.0,0.04357833333333335,0.0,0.0,0.0,False,False,False,False,0.5774734161095192,0.38408573906579113,0.5194571129964007,0.4579913135487969
195,1.0,True,0.0,0.0,0.0,0.0,0.0,False,False,False,False,0.9783757575757576,0.48475211797929096,0.8302886656968176,0.5640828856521576
196,0.6,False,0.002882923207401215,0.023333333333333133,0.0,0.0,0.0,True,False,False,False,0.6667560738581146,0.33921120563215024,0.5684926133903253,0.4698317441227004
197,0.8,False,0.0,0.06263299338071822,0.0,0.0,0.0,True,False,False,False,0.8338829113924051,0.4688061341268025,0.7243598782127243,0.5177747934020183
198,1.0,True,0.0,0.0,0.0,0.0,0.0,False,False,False,False,0.9704352941176471,0.36901300219138045,0.790008606539767,0.741556036799916
199,1.0,True,0.0,0.0,0.0,0.0,0.0,False,False,False,False,0.9731540154015401,0.628460097038648,0.8697458398926725,0.9327055115474739
200,0.8,False,0.0,0.10961505117993943,0.0,0.0,0.0,True,False,False,False,0.06648956570783982,0.29624037445266505,0.13541480833128738,0.32599333136613345
201,0.8,False,1.8947806286936006e-16,0.0,0.0,0.0,0.0,True,False,False,False,0.683965965965966,0.15344954128440347,0.5248110385614972,0.46518977252243304
202,0.8,False,0.0,0.028248841482030034,0.0,0.0,0.0,True,False,False,False,0.7454707325622152,0.5562562807390667,0.6887063970152706,0.6739926957195737
203,0.8,False,0.0,0.04357833333333335,0.0,0.0,0.0,False,False,False,False,0.5886819597847635,0.27562645914396866,0.494765309592525,0.601071402724805
204,1.0,True,0.0,0.0,0.0,0.0,0.0,False,False,False,False,0.820742710549368,0.0199778011973899,0.5805132377437745,0.4819137820141443
205,1.0,True,0.0,0.0,0.0,0.0,0.0,False,False,False,False,0.9613448607108549,0.6656607594936709,0.8726396303456996,0.9347269427682217
206,0.8,False,0.0,0.02073779082464237,0.0,0.0,0.0,False,False,False,False,0.6703288797533402,0.5160888116308472,0.6240568593165923,0.4938209864573575
207,1.0,True,0.0,0.0,0.0,0.0,0.0,False,False,False,False,0.8432617960426179,0.35952845731402905,0.6981417944240411,0.8843267329029287
208,1.0,True,0.0,0.0,0.0,0.0,0.0,False,False,False,False,0.9795621562156216,0.22718922667899666,0.7538502773546341,0.8749427320191272
209,0.6,False,0.003434040609089569,0.0021500000000001704,0.0,0.0,0.0,True,False,False,False,0.6380274431057564,0.4026471038530238,0.5674133413299366,0.46511042763552296
210,1.0,False,0.0,0.0,0.0,0.0,0.0,True,False,False,False,0.8079732142857143,0.3832743711603104,0.6805635613480931,0.5096107228034079
211,1.0,False,0.0,0.0,0.0,0.0,0.0,True,False,False,False,0.9341490787269682,0.4396642029784886,0.7858036160024242,0.8902545386428372
212,1.0,True,0.0,0.0,0.0,0.0,0.0,False,False,False,False,0.9556774193548387,0.529627569528416,0.8278624644069119,0.9305184038694074
213,0.8,False,0.0,0.034902584627636006,0.0,0.0,0.0,False,False,False,False,0.8944183773216031,0.4540949977734896,0.7623213634571689,0.94153036360096
214,1.0,False,0.0,0.0,0.0,0.0,0.0,True,False,False,False,0.790192,0.4087832778224416,0.6757693833467324,0.8378846916733662
215,0.6,False,1.8947806286936006e-16,0.01315079668873845,0.0,0.0,0.0,False,False,False,False,0.4778591413410517,0.3893194351042367,0.45129722947000717,0.4348498493212277
216,0.6,False,3.789561257387201e-16,0.02171979470066517,0.0,0.0,0.0,False,False,False,False,0.6801501937984497,0.4357763410798532,0.6068380379828706,0.7515292663426647
217,0.8,False,0.0,0.0,0.0,0.02859780253330763,0.0,False,False,False,False,0.9773843909555069,0.45832462022717946,0.8216664597370087,0.5336203655737326
218,1.0,False,0.0,0.0,0.0,0.0,0.0,False,True,False,False,0.41005720572057214,0.4996264062831671,0.43692796588935057,0.7157509382693736
219,1.0,False,0.0,0.0,0.0,0.0,0.0,True,False,False,False,0.9836169934640523,0.7891377110694184,0.9252732087456621,0.7700059529166514
220,0.8,False,0.0,0.3823839222056629,0.0,0.0,0.0,False,False,False,True,0.512,0.36599624295554156,0.46819887288666245,0.7215838282801759
221,1.0,True,0.0,0.0,0.0,0.0,0.0,False,False,False,False,0.9897973199329984,0.6623516893783834,0.8915636307666137,0.9444850448027581
222,0.8,False,0.0,0.0,0.0,0.0954183041264866,0.0,True,False,False,False,0.7940754504504505,0.41619050535987745,0.6807099669232786,0.6713310801843191
223,0.8,False,0.0,0.10492247008592544,0.0,0.0,0.0,False,False,False,False,0.8054550212626759,0.3309577826254331,0.663105849671503,0.6589847720900311
224,1.0,True,0.0,0.0,0.0,0.0,0.0,False,False,False,False,0.0,0.5567021330624683,0.1670106399187405,0.5815941340782123
225,1.0,True,0.0,0.0,0.0,0.0,0.0,False,False,False,False,0.5089145098039216,0.3635905588846765,0.46531732452814806,0.7360839840202192
226,1.0,True,0.0,0.0,0.0,0.0,0.0,False,False,False,False,0.7694104789456767,0.35147613246206666,0.6440301750005937,0.4904227121138541
227,1.0,True,0.0,0.0,0.0,0.0,0.0,False,False,False,False,0.9832176560121766,0.7114865305099611,0.9016983183615119,0.9487458137353231
228,0.6,False,3.8228752187402886e-05,0.06595333333333316,0.0,0.0,0.0,False,False,False,False,0.5956278904304517,0.500331857375903,0.567039080514087,0.6290797998673687
229,1.0,False,0.0,0.0,0.0,0.0,0.0,True,False,False,False,0.48431355311355306,0.26939424249817034,0.4198377599289382,0.5550919958714132
230,0.8,False,0.0,0.1362758710879282,0.0,0.0,0.0,True,False,False,False,0.72,0.39237448188862845,0.6217123445665885,0.646681939088124
231,1.0,False,0.0,0.0,0.0,0.0,0.0,True,False,False,False,0.6940143584993053,0.5636458333333334,0.6549038009495136,0.8289246239141548
232,0.6,False,0.0,0.014358017068549925,0.0,0.006118421070736759,0.0,False,False,True,False,0.8091592261904762,0.39405700504275376,0.6846285598461594,0.3341745020509026
233,0.8,False,0.0,0.0,0.0,0.07489197158069857,0.0,False,False,False,False,0.512,0.36857484512318117,0.4689724535369543,0.5861470450943668
234,1.0,False,0.0,0.0,0.0,0.0,0.0,True,False,True,False,0.8687792592592593,0.43462913128674063,0.7385342208675036,0.9182013162542033
235,0.8,False,0.0,0.004316518459224798,0.0,0.0,0.0,False,False,False,False,0.5355785123966943,0.6117360306178239,0.5584257678630331,0.46844614742283414
236,1.0,False,0.0,0.0,0.0,0.0,0.0,False,False,True,False,0.6016678585617798,0.4327990230286113,0.5510072079018292,0.6199841811370053
237,1.0,False,0.0,0.0,0.0,0.0,0.0,True,False,False,False,0.8154144345238095,0.5226591341313346,0.7275878444060669,0.8649586145507047
238,1.0,False,0.0,0.0,0.0,0.0,0.0,True,False,False,False,0.926203821656051,0.42288393107968936,0.7752078544831424,0.5281310442215599
239,0.8,False,0.0,0.0,0.0,0.36167564608861225,0.0,True,False,False,False,0.543000852514919,0.33566280711663377,0.4807994388954334,0.5919009701624595
240,0.6,False,0.0022485719663023927,0.003517848466106376,0.0,0.0,0.0,False,False,False,False,0.7061316348195329,0.4744468516318402,0.636626199863225,0.4909878599589675
241,0.8,False,0.0,0.0014871741211512912,0.0,0.0,0.0,False,False,False,False,0.9864960254372019,0.4609326230924272,0.8288270047337695,0.7081864782192128
242,0.6,False,1.8947806286936006e-16,0.004234503568804134,0.0,0.0,0.0,False,False,True,False,0.9569009661835749,0.7238085010174091,0.8869732266337251,0.7524888136890934
243,0.8,False,0.0,0.0036743229959578607,0.0,0.0,0.0,False,False,False,False,0.9760159872102319,0.7016251514743503,0.8936987364894673,0.7633922956886948
244,0.6,False,0.0,0.008767440307711519,0.0,0.033545399777982085,0.0,False,False,False,False,0.9699626998223801,0.4073463455149502,0.8011777935301512,0.36636183901500624
245,0.4,False,0.005931734545447723,0.00197233246983395,0.0,0.0,0.0024295284687997757,False,False,False,False,0.9396419213973799,0.6531396066837566,0.8536912269832928,0.3705063513147452
246,0.8,False,1.8947806286936006e-16,0.0,0.0,0.0,0.0,False,False,False,False,0.783228310502283,0.6204039309562808,0.7343809966384823,0.5199716892445819
247,0.8,False,1.8947806286936006e-16,0.0,0.0,0.0,0.0,True,False,False,False,0.40557245632065775,0.3765993656349119,0.39688052911493393,0.4166756239038082
248,1.0,True,0.0,0.0,0.0,0.0,0.0,False,False,False,False,0.7418747884940778,0.4289734826163818,0.6480043967307689,0.8228857192248289
249,1.0,False,0.0,0.0,0.0,0.0,0.0,True,False,False,False,0.9538099372889532,0.2913834230920792,0.7550819830298909,0.70185193415508
250,1.0,False,0.0,0.0,0.0,0.0,0.0,False,False,True,False,0.7485904471544715,0.17378446814873905,0.5761486534527518,0.6418731510994778
251,1.0,True,0.0,0.0,0.0,0.0,0.0,False,False,False,False,1.0,0.6948462066127041,0.9084538619838112,0.9523208670599533
252,0.6,False,0.0006610011410752274,0.031703333333333195,0.0,0.0,0.0,True,False,False,False,0.8153439153439154,0.47416348436371136,0.7129897860498542,0.5730015724845153
253,0.8,False,0.0,0.0,0.0,0.057754465772472716,0.0,False,False,False,False,0.6400000000000001,0.31499412423055406,0.5424982372691662,0.6387115724678232
254,0.8,False,0.0,0.0,0.0,0.026185993543622773,0.0,False,False,False,False,0.9442889229198571,0.5142381352372952,0.8152736866150885,0.5419328081004995
255,0.6,False,0.0018729712779459835,0.042703333333333315,0.0,0.0,0.0,False,False,True,False,0.41765960784313727,0.20625687272727278,0.3542387873083779,0.426187679486631
256,0.4,False,1.8947806286936006e-16,0.015363592051714114,0.0,0.026517274372515148,0.0,False,False,False,False,0.9684652351738241,0.4424253953701581,0.8106532832327242,0.3582661648918892
257,0.6,False,0.0005358303154264376,0.11485833333333328,0.0,0.0,0.0,True,False,False,False,0.45669710144927544,0.016723511604439856,0.3247050244958248,0.5287843024905307
258,0.8,False,0.005618275253493911,0.0,0.0,0.0,0.0,False,False,False,False,0.719943600867679,0.5345674183882667,0.6643307461238552,0.6657322984495422
259,1.0,True,0.0,0.0,0.0,0.0,0.0,False,False,False,False,0.6928629815745393,0.09700062743129623,0.5141042753315663,0.7660699514513212
260,1.0,True,0.0,0.0,0.0,0.0,0.0,False,False,False,False,0.62229534662868,0.45459812108559505,0.5719861789657545,0.7836352708460963
261,0.4,False,0.04747252289565855,0.08567113930466422,0.0,0.17806504706839452,0.0,True,False,False,False,0.8405063938618926,0.4764976425855513,0.7313037684789901,0.3437685914340079
262,1.0,True,0.0,0.0,0.0,0.0,0.0,False,False,False,False,0.8198523338756101,0.3856210879853442,0.6895829601085303,0.4986993368617884
263,0.8,False,0.0,0.24530405928727267,0.0,0.0,0.0,True,False,False,False,0.6248117994100295,0.7652697325267838,0.6669491793450557,0.6659310921884268
264,0.8,False,0.0,0.043161666666666765,0.0,0.0,0.0,False,False,False,False,0.47995804195804204,0.2440809476801581,0.4091949136746768,0.5664898865355331
265,0.8,False,0.0,0.2493896058383853,0.0,0.0,0.0,False,False,False,False,0.7190693333333333,0.2884148316062177,0.5898729828151986,0.6692963685319517
266,1.0,True,0.0,0.0,0.0,0.0,0.0,False,False,False,False,0.9637377710539586,0.7255315543189579,0.8922759060334583,0.9442408997727681
267,1.0,False,0.0,0.0,0.0,0.0,0.0,False,False,True,False,0.9964979919678715,0.5628451049486749,0.8664021258621125,0.9295734851771111
268,1.0,True,0.0,0.0,0.0,0.0,0.0,False,False,False,False,0.6192725274725274,0.2929564711020526,0.5213777105613849,0.6011134470661574
269,0.8,False,0.0,0.0,0.0,0.05920060873359427,0.0,False,False,False,False,0.4586013691416535,0.5337028240405504,0.4811318056113225,0.4440919479370788
270,1.0,True,0.0,0.0,0.0,0.0,0.0,False,False,False,False,0.8327674897119342,0.5115696390921494,0.7364081345259987,0.7327941265687716
271,1.0,False,0.0,0.0,0.0,0.0,0.0,True,False,False,False,0.7212823712948517,0.32081158597188675,0.6011411356979622,0.677736722194374
272,0.8,False,0.0,0.06595333333333331,0.0,0.0,0.0,False,False,False,False,0.6124147990039132,0.4732039151712889,0.5706515338541258,0.6290797998673687
273,1.0,True,0.0,0.0,0.0,0.0,0.0,False,False,False,False,0.9563812405446294,0.5598287886733089,0.8374155049832331,0.7396459502890458
274,0.6,False,0.00785753135666198,0.21232833333333337,0.0,0.0,0.0,False,False,False,False,0.5500235294117647,0.2572674972517405,0.46219671976375737,0.5783588458143829
275,1.0,True,0.0,0.0,0.0,0.0,0.0,False,False,False,False,0.9563812405446294,0.6177265338227582,0.8547848285280679,0.7396459502890458
276,0.8,False,0.0,0.07382833333333316,0.0,0.0,0.0,False,False,False,False,0.6066619607843137,0.30784145454545453,0.5170158089126559,0.6054971653475936
277,1.0,True,0.0,0.0,0.0,0.0,0.0,False,False,False,False,0.9761094527363184,0.6098347826086956,0.8662270516980315,0.9325188829918729
278,0.6,False,1.8947806286936006e-16,0.024839186357308307,0.0,0.0,0.0,False,False,True,False,0.5211726907630522,0.29642687058368034,0.4537489447092406,0.4321729880521019
279,0.8,False,0.0,0.0009980347494664699,0.0,0.0,0.0,False,False,False,False,0.9118546105977748,0.471251172765045,0.7796735792479559,0.7105667245981828
280,1.0,False,0.0,0.0,0.0,0.0,0.0,True,False,True,False,0.9310843373493976,0.40633115203165426,0.7736583817540745,0.8867689377873692
281,0.8,False,1.8947806286936006e-16,0.0,0.0,0.0,0.0,True,False,False,False,0.6152843137254902,0.3015347040154547,0.5211594308124795,0.6179350870272216
282,0.6,False,1.8947806286936006e-16,0.01781439048160956,0.0,0.0,0.0,False,False,False,False,1.0,0.580514441134568,0.8741543323403703,0.7480357259422354
283,1.0,False,0.0,0.0,0.0,0.0,0.0,True,False,True,False,0.7652410714285715,0.4165943103036098,0.6606470430910829,0.8379519341680612
284,0.8,False,0.0,0.00446261713238183,0.0,0.0,0.0,False,False,False,False,0.9861426573426574,0.8239785488050677,0.9374934247813804,0.9582109106144838
285,1.0,False,0.0,0.0,0.0,0.0,0.0,True,False,False,False,0.976496875,0.510339226184463,0.8366495803553389,0.9199264277062918
286,0.6,False,1.8947806286936006e-16,0.0,0.0,0.007450171542927536,0.0,False,False,False,False,1.0,0.6316881690914082,0.8895064507274224,0.37941328026351906
287,1.0,True,0.0,0.0,0.0,0.0,0.0,False,False,False,False,0.9861181619256018,0.5862490670352454,0.8661574334584948,0.9004054183987897
288,0.8,False,0.0,0.0,0.9758600208183493,0.0,0.0,False,False,True,False,0.6529308035714285,0.4521755381604696,0.5927042239481408,0.47644029953522504
289,0.6,False,0.0,0.049578195980303844,0.951999609763758,0.0,0.0,True,False,False,False,0.0,0.28634828318979977,0.08590448495693993,0.21854070353461924
290,0.6,False,0.021658570061631507,0.04361999999999977,0.0,0.0,0.0,False,False,False,False,0.7499812288824927,0.6572149100973697,0.7221513332469558,0.8662664396082368
291,0.6,False,0.0035851091730535246,0.07382833333333376,0.0,0.0,0.0,False,False,False,False,0.5095347721822543,0.49400233045910047,0.5048750396653081,0.4464582886550233
292,0.6,False,0.003045247300057857,0.0679933333333332,0.0,0.0,0.0,False,False,True,False,0.5165816849816849,0.32080381558028614,0.45784832416126525,0.5792998729770494
293,0.8,False,0.0,0.0,0.0,0.004902739628853738,0.0,True,False,False,False,0.9950345381526104,0.46463390573620755,0.8359143484276896,0.7097299471616829
294,1.0,True,0.0,0.0,0.0,0.0,0.0,False,False,False,False,0.690031847133758,0.5907464421252373,0.6602462256312017,0.8214018106972258
295,0.8,False,0.0,0.0071649263258246,0.0,0.0,0.0,False,False,False,False,0.8550796019900497,0.5469350048685492,0.7626362228535996,0.707523634844279
296,0.6,False,0.003690026909463313,0.04270333333333346,0.0,0.0,0.0,True,False,False,False,0.8662824207492795,0.3436032831737349,0.7094786794766161,0.8543449613616125
297,0.8,False,0.0,0.0028298610024240687,0.0,0.0,0.0,False,False,False,False,0.697081103000811,0.3464500665778961,0.5918917920739365,0.6349495802171119
298,0.6,False,0.001895846341104175,0.026808000000000092,0.0,0.0,0.0,True,False,False,False,0.4025595527467186,0.28785977761855497,0.36814962020826947,0.5743370541741716
299,1.0,True,0.0,0.0,0.0,0.0,0.0,False,False,False,False,0.33048714069591534,0.133642733349839,0.2714338184920924,0.4934132526475038
300,0.6,False,0.0,0.0,0.11028607079242034,0.11302536162061108,0.0,True,False,False,False,0.4445786666666667,0.19302383800172473,0.3691122180671841,0.41073366542015527
301,1.0,True,0.0,0.0,0.0,0.0,0.0,False,False,False,False,0.9915307753796962,0.7026123640222871,0.9048552519724734,0.9092571961640027
302,0.6,False,1.8947806286936006e-16,0.017934445144254536,0.0,0.0,0.0,False,False,False,False,0.911492795389049,0.5118817299205649,0.7916094757485037,0.36055037579526883
303,0.6,False,0.0019028125897508138,0.019097665199530194,0.0,0.0,0.0,False,False,False,False,0.9854941860465116,0.6376581904198699,0.881143387358519,0.9210603425166981
304,0.6,False,0.23608505237612434,0.0,0.0,0.13298147211658182,0.0,True,False,False,False,0.9699797818568768,0.6393768043802888,0.8707988886139003,0.5585865564874266
305,0.8,False,0.0,0.020983833994552576,0.0,0.0,0.0,False,False,True,False,0.49915598986608756,0.3345145713937323,0.44976356432438097,0.42775534119736724
306,1.0,True,0.0,0.0,0.0,0.0,0.0,False,False,False,False,0.9988238396624473,0.7598812194913076,0.9271410536111053,0.8959920002229489
307,0.8,False,0.0,0.0,0.0,0.0073523511378849665,0.0,False,False,False,False,0.6762496050552923,0.5294976303317535,0.6322240126382306,0.8170344932235802
308,0.6,False,1.8947806286936006e-16,0.0794165649420834,0.0,0.0,0.0,False,False,False,False,0.2635138183869148,0.336203491872366,0.28532072043255013,0.5299769762505548
309,1.0,True,0.0,0.0,0.0,0.0,0.0,False,False,False,False,1.0,0.6146259748050391,0.8843877924415117,0.7706795590881824
310,1.0,True,0.0,0.0,0.0,0.0,0.0,False,False,False,False,0.5755525865022268,0.6629924840643135,0.6017845557708529,0.807292607653008
311,1.0,False,0.0,0.0,0.0,0.0,0.0,True,False,False,False,0.8150963963963964,0.550648434870414,0.7357620079386017,0.8674007363826297
312,1.0,False,0.0,0.0,0.0,0.0,0.0,True,False,False,False,0.6839823091247672,0.41448499275512307,0.6031331142138739,0.840588923654918
313,1.0,True,0.0,0.0,0.0,0.0,0.0,False,False,False,False,0.3826300653594771,0.449482340809487,0.40268574799448,0.5918060607494351
314,1.0,False,0.0,0.0,0.0,0.0,0.0,True,False,False,False,0.9040048030739674,0.4669558367152066,0.772890113166339,0.8855592013436224
315,0.6,False,0.249164605782067,0.0,0.0,0.016924441502429718,0.0,False,False,False,False,0.7817741312741313,0.49633507853403147,0.6961424154521013,0.5125304095889652
316,0.8,False,0.0,0.0,0.0,0.031428084346593325,0.0,False,False,False,False,0.847980056980057,0.3938812903225807,0.7117504269828141,0.6711700281861349
317,0.6,False,3.789561257387201e-16,0.021495072470066656,0.0,0.0,0.0,False,False,False,False,0.7187427201096266,0.5591378704168759,0.6708612652018013,0.6663743220752378
318,0.8,False,0.0,0.09658699646948224,0.0,0.0,0.0,False,False,False,False,0.08159066967644857,0.3809837122497455,0.17140858244843762,0.46879708075677584
319,1.0,True,0.0,0.0,0.0,0.0,0.0,False,False,False,False,0.6074343434343434,0.20183124588002632,0.48575341416804824,0.45349865632390013
320,0.6,False,1.8947806286936006e-16,0.0,0.9554097517524206,0.0,0.0,False,False,True,False,0.6510282738095239,0.4413818003913895,0.5881343317840836,0.47644029953522504
321,0.6,False,0.002620874801462113,0.147722425608817,0.0,0.0,0.0,False,False,False,False,0.9335801378335395,0.38094661614761405,0.7677900813277618,0.5002097894999381
322,0.8,False,0.0,0.0,0.0,0.015724106620401246,0.0,True,False,False,False,0.9860965447154472,0.05291151358344126,0.7061410353758454,0.6739435772357724
323,1.0,True,0.0,0.0,0.0,0.0,0.0,False,False,False,False,0.5303223322332234,0.5175801829268292,0.5264996874413052,0.9329042147126297
324,0.6,False,0.03978572320881255,0.0,0.0,0.057872761961276074,0.0,True,False,False,False,0.9985801687763713,0.5249478516774573,0.8564904736466971,0.5506950632799636
325,0.8,False,0.0,0.06595333333333346,0.0,0.0,0.0,False,False,False,False,0.7190572113737581,0.7618011116319561,0.7318803814512175,0.8583114680103503
326,0.6,False,0.00851234302339094,0.04212000000000016,0.0,0.0,0.0,False,False,False,False,0.8085305305305306,0.4644849836065573,0.7053168664533385,0.5265140788421208
327,0.8,False,0.0,0.06595333333333331,0.0,0.0,0.0,False,False,False,False,0.6286032699366033,0.4146099615014437,0.5644052774060554,0.6232638193599439
328,0.6,False,0.0012464282851334474,0.0483700000000001,0.0,0.0,0.0,False,False,False,False,0.5300191021967526,0.2471429985155862,0.4451562710924027,0.7376324100368606
329,0.6,False,0.0,0.004836760392990858,0.0,0.17651717211886275,0.0,False,False,False,False,0.5882540540540541,0.6316547398431931,0.6012742597907957,0.47493935695709966
330,1.0,False,0.0,0.0,0.0,0.0,0.0,True,False,False,False,0.8267771464646465,0.4640809881847475,0.7179682989806767,0.8600150871496923
331,1.0,True,0.0,0.0,0.0,0.0,0.0,False,False,False,False,0.512,0.42410730202262614,0.48563219060678786,0.7251994514912581
332,1.0,True,0.0,0.0,0.0,0.0,0.0,False,False,False,False,0.9866226622662266,0.6705236959761549,0.8917929723792051,0.9362718066068902
333,0.8,False,0.0,0.3327601868862855,0.0,0.0,0.0,True,False,False,False,0.6774836400817996,0.45990922167172765,0.612211314558778,0.6469596033366964
334,1.0,False,0.0,0.0,0.0,0.0,0.0,False,True,False,False,0.7976693333333333,0.45083489496005535,0.6936190018213498,0.8458124910543445
335,1.0,True,0.0,0.0,0.0,0.0,0.0,False,False,False,False,0.7941466666666667,0.4019067637388444,0.67647469578832,0.8599813302854757
336,0.6,False,0.0,0.00810606588455857,0.0,0.006537044453728982,0.0,True,False,False,False,0.6130617283950617,0.1550338249972273,0.47565335737571135,0.4421274411707926
337,0.8,False,0.0,0.054162593597122145,0.0,0.0,0.0,False,False,False,False,0.5805875968992249,0.45893384196185294,0.5440914704180133,0.5470413110449275
338,0.8,False,0.0,0.0,0.0,0.057969385377143856,0.0,False,False,False,False,0.9706783625730995,0.47872504592774034,0.8230923675794917,0.7596180277965786
339,0.8,False,0.0,0.019761977273563568,0.0,0.0,0.0,False,False,False,False,0.6165493513818388,0.5639611650485437,0.6007728954818502,0.7367280725748059
340,0.8,False,0.0,0.00260547481853024,0.0,0.0,0.0,False,False,False,False,0.7551924581999289,0.5775519867549669,0.7019003167664403,0.8337571783037783
341,1.0,False,0.0,0.0,0.0,0.0,0.0,True,False,False,False,0.8218675078864354,0.24625495750708204,0.6491837427726294,0.6537181334025445
342,1.0,False,0.0,0.0,0.0,0.0,0.0,False,False,True,False,0.6016678585617798,0.4327990230286113,0.5510072079018292,0.6199841811370053
343,1.0,True,0.0,0.0,0.0,0.0,0.0,False,False,False,False,0.9711354642313547,0.5675436390532544,0.8500579166779245,0.9314905435208451
344,0.8,False,0.0,0.0012185219896917825,0.0,0.0,0.0,True,False,False,False,0.9129409228115567,0.5805627598606584,0.8132274739262872,0.8894838121362048
345,0.8,False,0.0,0.11920333333333266,0.0,0.0,0.0,False,False,False,False,0.4833505882352941,0.2691987647389108,0.4191050411863791,0.5688369111514792
346,1.0,True,0.0,0.0,0.0,0.0,0.0,False,False,False,False,0.7886767895878525,0.5009625060866743,0.702362504537499,0.8535968170551986
347,1.0,True,0.0,0.0,0.0,0.0,0.0,False,False,False,False,0.9555663136661624,0.6423056446440025,0.8615881129595144,0.9024992393410053
348,0.4,False,0.10069175858546979,0.0,0.021790645733775135,0.1267055126824716,0.0,True,False,False,False,0.8592909909909909,0.4686459318826868,0.7420974732584996,0.5283951662660769
349,0.8,False,0.0,0.0,0.0,0.03882156849170775,0.0,True,False,True,False,0.9181686991869918,0.588250204415372,0.8191931507555059,0.7311567669702745
350,0.8,False,0.0,0.11922372585283596,0.0,0.0,0.0,False,False,False,False,0.7525673998871969,0.44586897023605887,0.6605578709918555,0.6639521196323227
351,0.8,False,0.0,0.0014871741211512912,0.0,0.0,0.0,False,False,False,False,0.9864960254372019,0.4609326230924272,0.8288270047337695,0.7081864782192128
352,0.6,False,0.006211947820367527,0.30370069174616154,0.0,0.0,0.0,False,False,False,False,0.5215676251331204,0.3002164979154258,0.45516228696781197,0.4355670482106533
353,0.6,False,0.00029982334771678625,0.12998624139258458,0.0,0.0,0.0,False,False,False,False,0.6658401420959147,0.14556051357608946,0.5097562535399671,0.6153754645278007
354,0.4,False,0.19599848517826945,0.027810489033103014,0.0,0.028981653271166977,0.0,False,False,False,False,0.9079637883008357,0.496237086407998,0.7844457777329843,0.8307595320077878
355,1.0,True,0.0,0.0,0.0,0.0,0.0,False,False,False,False,0.8240497198879552,0.5279214520617252,0.7352112395400862,0.5158037105846639
356,1.0,True,0.0,0.0,0.0,0.0,0.0,False,False,False,False,0.9999607843137255,0.574227216367018,0.8722407139297133,0.9414619564688864
357,0.8,False,0.0,0.04593118685307873,0.0,0.0,0.0,False,False,False,False,0.6197218992248061,0.3344158109438742,0.5341300727405265,0.8286425480420605
358,0.4,False,0.19054010080124384,0.017668004899393647,0.0,0.007787432307039638,0.0,False,False,False,False,0.799618320610687,0.5725659718902383,0.7315026159945524,0.5137543307874659
359,0.8,False,0.0,0.15632833333333332,0.0,0.0,0.0,True,False,False,False,0.3808894117647059,0.19721649214659664,0.3257875358792731,0.3992665500461965
360,0.8,False,0.007739082449638015,0.0,0.0,0.0,0.0,False,False,False,False,0.9988502109704641,0.5847885256837891,0.8746317053844617,0.9135823240458477
361,0.8,False,0.0,0.0,0.0,0.024809193716963194,0.0,True,False,False,False,0.7296651422764229,0.5096272125984251,0.6636537633730235,0.6638461446104604
362,1.0,False,0.0,0.0,0.0,0.0,0.0,True,False,False,False,0.8051685965724873,0.7633158467566391,0.7926127716277327,0.8963063858138663
363,0.8,False,0.0,0.021899810758970194,0.0,0.0,0.0,True,False,False,False,0.43292133333333327,0.45981720558405925,0.440990095008551,0.43308174832597546
364,1.0,True,0.0,0.0,0.0,0.0,0.0,False,False,False,False,0.7523756558237147,0.5260597813963864,0.6844808934955161,0.8370500671730451
365,0.8,False,0.0,0.0009717835076645068,0.0,0.0,0.0,False,False,False,False,0.9742774674115456,0.6973571134586363,0.8912013612256727,0.9395817068167052
366,0.6,False,0.1247897681222861,0.014958184132290034,0.0,0.0,0.0,False,False,False,False,0.5345604674796749,0.43765438432835824,0.5054886425342798,0.5978179818134935
367,1.0,True,0.0,0.0,0.0,0.0,0.0,False,False,False,False,0.9017160098057704,0.6222539314402081,0.8178773862961017,0.9004580550925275
368,0.8,False,0.0,0.39033608058618974,0.0,0.0,0.0,True,False,False,False,0.6477746666666666,0.466699172680866,0.5934520184709264,0.6570214344892331
369,0.8,False,0.09096963324018248,0.0,0.0,0.0,0.0,False,False,False,False,0.8730369304556355,0.6095170943674675,0.793980979629185,0.5373843838589865
370,0.6,False,0.0,0.012455719796089356,0.0,0.04833680298483347,0.0,False,False,False,False,0.9876303317535545,0.617299060919817,0.8765309505034332,0.9433537581022468
371,0.6,False,0.07550583653043474,0.0,0.0,0.1005038211488249,0.0,False,False,False,False,1.0,0.544516615470539,0.8633549846411617,0.752353968165317
372,1.0,True,0.0,0.0,0.0,0.0,0.0,False,False,False,False,0.974777975133215,0.6676124956124956,0.8826283312769991,0.9465791709035049
373,1.0,False,0.0,0.0,0.0,0.0,0.0,True,False,False,False,0.9943987878787879,0.18091407516580682,0.7503533740648934,0.6822156396686094
374,0.4,False,0.015060813271639405,0.019864183438775978,0.0,0.0,0.0297305551300721,True,False,True,False,0.6585363465160075,0.4335682303615219,0.5910459116696618,0.3199976121123222
375,0.6,False,0.001854070197623135,0.14253666666666667,0.0,0.0,0.0,False,False,False,False,0.513258207070707,0.3299437131184749,0.4582638588850374,0.48457651289907694
376,0.8,False,0.0,0.01126166666666665,0.0,0.0,0.0,True,False,False,False,0.7646932108218478,0.33570677698016793,0.6359972806693438,0.8381523654493712
377,0.4,False,0.10158107605492091,0.03170333333333349,0.0,0.002415429689299117,0.0,False,False,False,False,0.6207508447002879,0.5047948101173554,0.5859640343254081,0.47227171280570585
378,0.6,False,0.0,0.02102521740586076,0.0,0.004343432356232086,0.0,True,False,False,False,0.9996018957345971,0.18475847336941054,0.7551488690250411,0.7051972177894525
379,0.8,False,0.0,0.09007148872787708,0.0,0.0,0.0,False,False,False,False,0.9269608277900961,0.6107319394376352,0.8320921612843578,0.7027330826303374
380,0.6,False,0.000724834181900557,0.043161666666666466,0.0,0.0,0.0,False,False,False,False,0.4976168498168497,0.3731747561122486,0.46028422170546934,0.5754565856888304
381,1.0,True,0.0,0.0,0.0,0.0,0.0,False,False,False,False,0.9517831568330812,0.6486149726110773,0.86083270156648,0.9328409966516977
382,1.0,False,0.0,0.0,0.0,0.0,0.0,True,False,True,False,0.881128526645768,0.3490001429047779,0.721490011523471,0.8503927839528591
383,0.6,False,0.0,0.07188915396376382,0.0,0.16264831431031299,0.0,False,False,False,False,0.9723435635123615,0.42530431833597093,0.8082317899594443,0.7420993008375385
384,1.0,True,0.0,0.0,0.0,0.0,0.0,False,False,False,False,0.5991784857828024,0.6448861193035866,0.6128907758390376,0.807292607653008
385,1.0,True,0.0,0.0,0.0,0.0,0.0,False,False,False,False,0.9846545654565456,0.57243919139224,0.8609899532372539,0.9353244190705343
386,0.6,False,0.006716164361363895,0.04362000000000007,0.0,0.0,0.0,False,False,False,False,0.41816640665626625,0.3277271145144448,0.39103461901371983,0.42052325531754303
387,1.0,True,0.0,0.0,0.0,0.0,0.0,False,False,False,False,0.9816011019283747,0.37135597224272854,0.7985275630226808,0.7224586246590029
388,1.0,False,0.0,0.0,0.0,0.0,0.0,True,False,False,False,0.8955337552742616,0.4574183167318626,0.7640991237115418,0.8815416415428299
389,0.8,False,0.0,0.013284999999999917,0.0,0.0,0.0,False,False,False,False,0.7652619678777484,0.1612110633000461,0.5840466965044376,0.4857159785927446
390,1.0,False,0.0,0.0,0.0,0.0,0.0,True,False,False,False,0.9081022222222223,0.35481099759615375,0.7421148548344016,0.8354403621260684
391,0.8,False,0.005032850949562354,0.0,0.0,0.0,0.0,False,False,False,False,0.8065780453913849,0.5943688301246259,0.7429152808113572,0.6964960806097085
392,0.6,False,0.03928523325251869,0.03684916666666652,0.0,0.0,0.0,False,False,False,False,0.8046433099766434,0.1865323359073361,0.6192100177558512,0.8129584690345106
393,0.8,False,0.0,0.04270333333333317,0.0,0.0,0.0,True,False,False,False,0.9085468895078923,0.34418968650613346,0.7392397286073645,0.8784130076457186
394,0.8,False,0.0,0.014380988210375811,0.0,0.0,0.0,False,False,False,False,0.7345080867850098,0.4831566265060241,0.6591026487013141,0.6596394775021022
395,0.6,False,0.022647671014587634,0.03684916666666652,0.0,0.0,0.0,False,False,False,False,0.8108535201868535,0.09214884516680932,0.5952421176808402,0.4865165710669731
396,0.6,False,0.00022711618550734633,0.10488009661548568,0.0,0.0,0.0,False,False,False,False,0.5401300275482094,0.33064074788544284,0.4772832436493794,0.6360967316254996
397,1.0,True,0.0,0.0,0.0,0.0,0.0,False,False,False,False,1.0,0.3127478619876143,0.7938243585962842,0.8888458861692716
398,1.0,False,0.0,0.0,0.0,0.0,0.0,True,False,False,False,0.9753691542288557,0.7712140661854049,0.9141226278158203,0.9597473334919284
399,1.0,False,0.0,0.0,0.0,0.0,0.0,True,False,False,False,0.8939406952965235,0.4935243937232525,0.7738158048245422,0.8888714215450321
400,0.8,False,0.0,0.0021592650238725732,0.0,0.0,0.0,True,False,False,False,0.9770535571542766,0.5541213166976373,0.8501738850172847,0.7400695540069139
401,0.8,False,0.0,0.06595333333333316,0.0,0.0,0.0,False,False,False,False,0.7673249387897867,0.5416389467238212,0.6996191411699969,0.500090845611467
402,1.0,False,0.0,0.0,0.0,0.0,0.0,True,False,True,False,0.9225521350546176,0.32211240492697024,0.7424202160163234,0.5382145456556744
403,0.4,False,0.08042756713363834,0.0,0.04563495385794818,0.07913202482875455,0.0,True,False,False,False,0.9738233572758712,0.5740740570904506,0.8538985672202449,0.549149357769257
404,0.8,False,0.0,0.4994824953761261,0.0,0.0,0.0,False,False,False,False,0.22940507726269344,0.27288699016604845,0.24244965113369993,0.4948614309959683
405,0.6,False,1.8947806286936006e-16,0.0,0.0,0.007450171542927536,0.0,False,False,False,False,1.0,0.6316881690914082,0.8895064507274224,0.37941328026351906
406,1.0,True,0.0,0.0,0.0,0.0,0.0,False,False,False,False,0.6789272300469484,0.4491686633463453,0.6099996600367674,0.8009000381072273
407,0.8,False,0.0,0.0,0.0,0.005297614978804632,0.0,False,False,False,False,0.9716681887366819,0.4230274677034993,0.807075972426727,0.7433497403737616
408,0.8,False,0.0,0.011101306101198638,0.0,0.0,0.0,True,False,False,False,0.7808950678583251,0.45336453257790377,0.6826359072741987,0.6722609895385747
409,0.8,False,0.0,0.0,0.0,0.08190212856630655,0.0,False,False,False,False,0.9524145234493192,0.9668206017085552,0.95673634692709,0.7826945387708361
410,0.6,False,0.008117028963111655,0.033498974179033005,0.0,0.0,0.0,False,False,False,False,0.6589780935464772,0.5582458480120787,0.6287584198861575,0.48722668351835774
411,0.8,False,1.8947806286936006e-16,0.0,0.0,0.0,0.0,False,False,False,False,0.759056179775281,0.2729245188284519,0.6132166814912322,0.49226304218889566
412,0.8,False,1.8947806286936006e-16,0.0,0.0,0.0,0.0,False,False,False,False,0.605485491861288,0.6246820110309717,0.611244447612193,0.8053462720327428
413,0.6,False,0.002419904266413179,0.15632833333333332,0.0,0.0,0.0,False,False,False,False,0.5719032967032966,0.33026361707144547,0.4994113928137413,0.4425965923856855
414,0.8,False,0.0,0.0310802345557227,0.0,0.0,0.0,False,False,False,False,0.9721586165772212,0.4917858407079646,0.8280467838164441,0.937555005620023
415,0.8,False,0.0,0.021252667918304418,0.0,0.0,0.0,True,False,False,False,0.9942698795180723,0.4810609899823217,0.8403072126573472,0.734351629906781
416,0.4,False,1.8947806286936006e-16,0.0018243360991660278,0.0,0.062060007608501395,0.0,False,False,False,False,1.0,0.6568880043919847,0.8970664013175953,0.37941328026351906
417,0.6,False,0.0,0.018950451748847384,0.0,0.005438456604708961,0.0,True,False,False,False,0.9809777777777777,0.6215115256495669,0.8731379021393144,0.7349940736033528
418,0.8,False,0.0,0.011261666666666503,0.0,0.0,0.0,True,False,False,False,0.7646932108218478,0.36227278257695594,0.6439670823483802,0.8381523654493712
419,0.6,False,0.002869010320052894,0.002993333333333107,0.0,0.0,0.0,False,False,True,False,0.9116801152737752,0.5842745588787385,0.8134584483552643,0.5427560228059161
420,0.4,False,0.21915436828551796,0.03170333333333334,0.0,0.02529441102000129,0.0,False,False,False,False,0.8762929292929293,0.7959546695794648,0.8521914513788899,0.370165423948662
421,0.6,False,0.0027172244723048305,0.0,0.0,0.02759559632137348,0.0,False,True,False,False,0.9770131648235914,0.40136459997095975,0.8043185953678018,0.7219775517167106
422,0.6,False,0.012365304935415603,0.1282429078004427,0.0,0.0,0.0,True,False,False,False,0.5409066666666666,0.308880425651078,0.47129879436199,0.44061376384271994
423,0.8,False,0.0,0.06595333333333331,0.0,0.0,0.0,True,False,False,False,0.8373119886161509,0.4323070227032113,0.7158104988422689,0.6870207387675864
424,0.6,False,1.8947806286936006e-16,0.10651016289063926,0.0,0.0,0.0,False,False,False,False,0.8068347433728145,0.32235054021608656,0.661489482425796,0.5356287215451808
425,0.6,False,0.015192547108578083,0.034198189462130525,0.0,0.0,0.0,True,False,True,False,0.6425868131868132,0.3372077248038625,0.550973086671928,0.4645669264193863
426,0.6,False,0.0,0.0,0.04409085305342728,0.12732958825863386,0.0,False,False,False,False,0.9376329749103942,0.5570823107679581,0.8234677756676634,0.562867041316237
427,0.6,False,0.01582329520727607,0.043620000000000214,0.0,0.0,0.0,True,False,False,False,0.4850650980392157,0.3389490928307203,0.44123029647666706,0.4323690889430001
428,1.0,False,0.0,0.0,0.0,0.0,0.0,True,False,False,False,0.5085474509803921,0.22951709286675637,0.42483834354630134,0.4249946351674451
429,0.8,False,0.0,0.0,0.0,0.08190212856630655,0.0,False,False,False,False,0.9524145234493192,0.9668206017085552,0.95673634692709,0.7826945387708361
430,0.4,False,0.0,0.27086344039476984,1.1790294027559602,0.013349679609614896,0.0,True,False,False,False,0.0,0.0,0.0,0.2
431,0.6,False,0.005709633933335756,0.043619999999999916,0.0,0.0,0.0,False,False,False,False,0.5552760018711991,0.38451548124013857,0.5040478456818809,0.45296572550889935
432,1.0,False,0.0,0.0,0.0,0.0,0.0,True,False,False,False,0.4606549295774648,0.4150675938803895,0.4469787288683422,0.7234893644341711
433,0.6,False,0.02539718238784038,0.10857833333333315,0.0,0.0,0.0,False,False,False,False,0.4571884297520662,0.4286329914902903,0.44862179827353343,0.43458653948206
434,1.0,True,0.0,0.0,0.0,0.0,0.0,False,False,False,False,0.967544901065449,0.42963319561702906,0.806171389430923,0.9420421775662683
435,0.6,False,0.0,0.022007494977005198,0.0,0.1075843756837681,0.0,False,False,False,False,0.4209662447257384,0.4025974617637489,0.4154556098371415,0.42429099991967606
436,0.2,False,0.08133046158369571,0.11446411675099713,1.0936698444883317,0.12368356962475902,0.0,True,False,True,False,0.0,0.16890789802549355,0.05067236940764806,0.10506723694076481
437,0.6,False,0.003648111297112185,0.14169434372058168,0.0,0.0,0.0,True,False,False,False,0.7618310397553517,0.28376590182979966,0.618411498377686,0.4855234495133058
438,1.0,True,0.0,0.0,0.0,0.0,0.0,False,False,False,False,0.95128,0.5422585532129781,0.8285735659638933,0.9488326937676219
439,1.0,False,0.0,0.0,0.0,0.0,0.0,True,False,False,False,0.9681524360829715,0.6344229738353541,0.8680335974086864,0.9322435249328052
440,0.8,False,0.0,0.0,0.0,0.0642565655737704,0.0,True,False,False,False,1.0,0.4693428847392145,0.8408028654217643,0.7360994591113973
441,1.0,False,0.0,0.0,0.0,0.0,0.0,True,False,False,False,0.8230195707070707,0.6061274007682458,0.7579519197254231,0.35792154100867835
442,0.6,False,0.004345923677156331,0.10191166666666647,0.0,0.0,0.0,False,False,False,False,0.5027162534435261,0.1928105138425079,0.4097445315632206,0.42227149263872554
443,0.8,False,0.0,0.0,0.0,0.08782569035064422,0.0,True,False,False,False,0.9430258030542391,0.5387227109807755,0.8217348754321999,0.7330496158931956
444,0.8,False,0.0,0.0,0.0,0.0350954970934875,0.0,True,False,True,False,0.7564333814333815,0.40339995415998176,0.6505233532513615,0.5095465166447884
445,0.8,False,0.0,0.10106666666666679,0.0,0.0,0.0,True,False,False,False,0.59331162464986,0.3917748033669105,0.5328505782649751,0.6179350870272216
446,0.6,False,0.0004438463093267349,0.01568795749999981,0.0,0.0,0.0,True,False,False,False,0.6414741408074742,0.2746867873910125,0.5314379347825356,0.4607459478391873
447,0.8,False,0.0,0.053668621625855645,0.0,0.0,0.0,True,False,False,False,0.9850869293308318,0.5648385814735555,0.8590124249736488,0.7289380187211933
448,0.6,False,1.8947806286936006e-16,0.0671444447142707,0.0,0.0,0.0,False,False,False,False,0.8587342479674797,0.6830021499936765,0.8060146185753386,0.7307430613221175
449,0.6,False,0.0,0.017816885256547656,0.0,0.01971850833078503,0.0,True,False,False,False,0.9988625592417062,0.482768417780541,0.8440343168033566,0.7410381469886724
450,0.6,False,0.0009948768913265365,0.10278575894215021,0.0,0.0,0.0,False,False,False,False,0.9335801378335395,0.39700150941071355,0.7726065493066917,0.5002097894999381
451,1.0,False,0.0,0.0,0.0,0.0,0.0,True,False,False,False,0.7156498800959233,0.5040534803870566,0.6521709601832633,0.6519749983519584
452,1.0,True,0.0,0.0,0.0,0.0,0.0,False,False,False,False,0.9590781643973777,0.5366751403237615,0.8323572571752929,0.9143771155314355
453,0.8,False,0.0,0.001294672220214732,0.0,0.0,0.0,True,False,True,False,0.9095312199807877,0.5569893750714041,0.8037686665079726,0.8968090105074994
454,1.0,False,0.0,0.0,0.0,0.0,0.0,True,False,False,False,0.8054955998147291,0.43400725294650944,0.6940490957542631,0.8649220681423675
455,1.0,True,0.0,0.0,0.0,0.0,0.0,False,False,False,False,0.8681576448243115,0.5739525347563545,0.7798961118039244,0.9018412011381608
456,0.6,False,0.10310880308688297,0.03684916666666682,0.0,0.0,0.0,True,False,False,False,0.8258301767676768,0.6037874519846351,0.7592173593327642,0.35792154100867835
457,1.0,True,0.0,0.0,0.0,0.0,0.0,False,False,False,False,0.9686652646337189,0.6457551983814769,0.8717922447580463,0.9412080477471247
458,0.8,False,0.0,0.0,0.0,0.010745879249490485,0.0,False,False,False,False,0.9201483253588516,0.13689545765806888,0.6851724650486168,0.5183705973161619
459,0.6,False,0.002848836176726953,0.0021500000000003183,0.0,0.0,0.0,True,False,False,False,0.6164009370816599,0.3918509823934677,0.5490359506752022,0.46511042763552296
460,1.0,True,0.0,0.0,0.0,0.0,0.0,False,False,False,False,0.6751778169014084,0.3944132453896889,0.5909484454478926,0.8009000381072273
461,1.0,True,0.0,0.0,0.0,0.0,0.0,False,False,False,False,0.9517254384310767,0.6234066412945587,0.8532297992901212,0.9245891304925085
462,1.0,False,0.0,0.0,0.0,0.0,0.0,False,True,False,False,0.6115772893772893,0.36433699437449785,0.5374052008764518,0.461065335902244
463,0.8,False,0.0,0.0029933333333332555,0.0,0.0,0.0,False,False,False,False,0.558647619047619,0.7073024303659203,0.6032440624431094,0.6400163039112716
464,0.2,False,0.08133046158369571,0.11446411675099713,1.0936698444883317,0.12368356962475902,0.0,True,False,True,False,0.0,0.16890789802549355,0.05067236940764806,0.10506723694076481
465,1.0,False,0.0,0.0,0.0,0.0,0.0,True,False,True,False,0.9327944284341979,0.4368696012142955,0.7840169802682272,0.8888072062612413
466,1.0,True,0.0,0.0,0.0,0.0,0.0,False,False,False,False,0.7318438177874187,0.40815457751878537,0.6347370457068287,0.8179735512820641
467,0.8,False,0.0,0.0012305011553254512,0.0,0.0,0.0,False,False,False,False,0.9129894332372719,0.6137870545454546,0.8232287196297267,0.366084923562309
468,0.6,False,0.005921811209855529,0.013409999999999922,0.0,0.0,0.0,True,False,False,False,0.9117108549471662,0.43314304583278307,0.7681405122128512,0.8932292984086225
469,1.0,True,0.0,0.0,0.0,0.0,0.0,False,False,False,False,0.7269546666666666,0.6829590341833967,0.7137559769216856,0.8568779884608428
470,0.6,False,0.0054860812810795774,0.0967033333333327,0.0,0.0,0.0,False,False,False,False,0.5089349019607843,0.3809151754589821,0.4705289840102436,0.44057776212491967
471,1.0,True,0.0,0.0,0.0,0.0,0.0,False,False,False,False,0.987624043715847,0.5971153087115872,0.870471423214569,0.9467204169921167
472,0.6,False,0.0014387110122144502,0.08021249999999987,0.0,0.0,0.0,True,False,False,False,0.47030626927029795,0.35652480045610047,0.43617182862603865,0.6948269770158787
473,0.6,False,0.23608505237612434,0.0,0.0,0.13298147211658182,0.0,True,False,False,False,0.9699797818568768,0.6393768043802888,0.8707988886139003,0.5585865564874266
474,0.6,False,0.0,0.0,0.08516388527477921,0.006330526473288046,0.0,True,False,False,False,0.6105175627240145,0.24044868543974385,0.4994968995387333,0.4548383417813615
475,0.8,False,0.0413649823571914,0.0,0.0,0.0,0.0,False,False,False,False,0.8940473773265651,0.4859798329919647,0.771627114026185,0.7031258353445335
476,0.6,False,5.684341886080802e-16,0.027606558499069827,0.0,0.0,0.0,True,False,True,False,0.707145045045045,0.39529798780996894,0.6135909278745222,0.7480665530329528
477,0.8,False,0.0,0.007788061437627262,0.0,0.0,0.0,False,False,False,False,0.8990424114966702,0.6301998775260257,0.8183896513054768,0.7231012176488733
478,0.4,False,0.15960437295011226,0.03868051962693997,0.0,0.044035309495786636,0.0,False,False,False,False,0.9471518072289157,0.6828538965378961,0.8678624340216098,0.7240598163959139
479,0.8,False,0.23667479128210062,0.0,0.0,0.0,0.0,False,False,False,False,0.5251910569105691,0.48219999999999985,0.5122937398373983,0.4429575726701856
480,0.8,False,0.0,0.03400833333333342,0.0,0.0,0.0,False,False,False,False,0.5777802197802197,0.0,0.40444615384615373,0.439654748731347
481,0.6,False,0.007477131815270279,0.1123789262030113,0.0,0.0,0.0,False,False,True,False,0.6219674451521585,0.4189320244738787,0.5610568189486745,0.8434510334895367
482,0.6,False,0.005499504763630701,0.01341000000000007,0.0,0.0,0.0,True,False,False,False,0.9082181987000928,0.41087662337662356,0.759015726103052,0.526249663285461
483,0.6,False,4.265882226131149e-05,0.01445166666666653,0.0,0.0,0.0,True,False,False,False,0.9139427662957075,0.21313920163766642,0.7037016968982952,0.4931462511370423
484,0.8,False,0.0,0.03724333333333307,0.0,0.0,0.0,False,False,False,False,0.6708002740664611,0.5468801571709234,0.6336242389977997,0.48521824700357585
485,1.0,True,0.0,0.0,0.0,0.0,0.0,False,False,False,False,0.5991215596330275,0.32754962742175864,0.5176499799696468,0.6179086334513735
486,0.8,False,0.0,0.03842397847648662,0.0,0.0,0.0,False,False,False,False,0.9358742857142858,0.7243842552910924,0.8724272765873278,0.7478940145183622
487,0.2,False,0.2486252543651228,0.0,0.26782860417468873,0.17482112823900703,0.09098513932383412,True,False,False,False,0.6639542431497739,0.11970636802438817,0.5006798806121582,0.14847143050001474
488,0.8,False,0.0,0.2124389682831693,0.0,0.0,0.0,True,False,False,False,0.6400000000000001,0.25131162029459897,0.5233934860883798,0.6283378199672669
489,0.8,False,0.0,0.002108333333333453,0.0,0.0,0.0,True,False,False,False,0.9483453551912568,0.5525742313673884,0.8296140180440963,0.7318456072176386
490,0.4,False,0.0536156558463072,0.03170333333333334,0.0,0.030500307669768634,0.0,True,False,False,False,0.9787724444444444,0.6012946883337376,0.8655291176112323,0.3722512564594282
491,0.6,False,0.031211963425326606,0.04362000000000007,0.0,0.0,0.0,False,False,False,False,0.7976477349560515,0.462129164007658,0.6969921636715335,0.5069216136569277
492,0.8,False,0.0,0.371887997386318,0.0,0.0,0.0,False,False,False,False,0.6557637969094923,0.2473651458971463,0.5332442016057884,0.4948614309959683
493,0.8,False,0.0,0.12167990345972447,0.0,0.0,0.0,False,False,False,False,0.512,0.4255017772511849,0.48605053317535546,0.597230402843602
494,1.0,True,0.0,0.0,0.0,0.0,0.0,False,False,False,False,0.9599926276987888,0.5003494160670048,0.8220996642092536,0.3702033807950305
495,0.8,False,0.0,0.0,0.0,0.0744321253520351,0.0,True,False,False,False,0.8561414414414414,0.38811933614330896,0.7157348098520017,0.6135872734504789
496,0.6,False,0.01528061292752909,0.0015558593749998018,0.0,0.0,0.0,True,False,False,False,0.7302814274128143,0.37192629061752713,0.6227748863742282,0.6607091211955374
497,0.8,False,0.0,0.14158124580578776,0.0,0.0,0.0,False,False,True,False,0.6399468468468469,0.29627784156142367,0.5368461452612199,0.6184025208675955
498,0.6,False,0.0019464039765157773,0.02739133333333325,0.0,0.0,0.0,True,False,False,False,0.9451004016064257,0.3572508689781968,0.7687455418179571,0.9008028887489863
499,0.8,False,0.0,0.10676804514335475,0.0,0.0,0.0,False,False,False,False,0.08827990970654631,0.4155505358615005,0.18646109755303256,0.4698454184111553
