sid,tier,height,sex,weight,mode,cum_state,meals_left,day_context,anchor_or_ing_input,desc,resolved_anchor,success_ok,all5_nutrient_pass,unrealistic,anchor_preserved,열량_pass,단백질_pass,칼륨_pass,인_pass,나트륨_pass,final_menus,elapsed_ms,error,model
R001,1_일반,146,남,46.9,random,여유,3,False,,"일반조건: 키146cm/남(표준체중46.9kg,H145-157), random모드, meals_left=3(여유)",,True,True,False,True,True,True,True,True,True,백미밥|오이냉국|닭볶음탕|새송이버섯볶음|저염오이김치,71.48250000000012,,RL_v2(R2)
R002,1_일반,149,여,46.6,random,보통,2,True,,"일반조건: 키149cm/여(표준체중46.6kg,H145-157), random모드, meals_left=2(보통)",,True,True,False,True,True,True,True,True,True,백미밥|어묵쑥갓국|섭산적|궁채들깨볶음|파프리카피클,41.91859999999892,,RL_v2(R2)
R003,1_일반,152,남,50.8,random,여유,3,False,,"일반조건: 키152cm/남(표준체중50.8kg,H145-157), random모드, meals_left=3(여유)",,True,True,False,True,True,True,True,True,True,백미밥|애호박된장국|닭살굴소스볶음|연근조림|비트무피클,56.65190000000031,,RL_v2(R2)
R004,1_일반,155,여,50.5,random,보통,2,True,,"일반조건: 키155cm/여(표준체중50.5kg,H145-157), random모드, meals_left=2(보통)",,True,True,False,True,True,True,True,True,True,백미밥|무채된장국|적어구이|과일샐러드|저염물김치,41.93440000000059,,RL_v2(R2)
R005,1_일반,157,남,54.2,random,여유,3,False,,"일반조건: 키157cm/남(표준체중54.2kg,H145-157), random모드, meals_left=3(여유)",,True,True,False,True,True,True,True,True,True,백미밥|근대된장국|닭살고구마조림|고사리나물|저염오이김치,40.97220000000057,,RL_v2(R2)
R006,1_일반,146,남,46.9,menu,여유,3,False,가지튀김양념장,"일반조건: 키146cm/남(표준체중46.9kg,H145-157), menu모드, meals_left=3(여유)",가지튀김양념장,True,True,False,True,True,True,True,True,True,백미밥|시금치된장국|소고기버섯볶음|가지튀김양념장|파프리카피클,42.73960000000088,,RL_v2(R2)
R007,1_일반,149,여,46.6,menu,보통,2,True,감자고추장조림,"일반조건: 키149cm/여(표준체중46.6kg,H145-157), menu모드, meals_left=2(보통)",감자고추장조림,True,True,False,True,True,True,True,True,True,백미밥|버섯맑은국|너비아니구이|감자고추장조림|비트무피클,39.045999999999026,,RL_v2(R2)
R008,1_일반,152,남,50.8,menu,여유,3,False,고추잡채꽃빵,"일반조건: 키152cm/남(표준체중50.8kg,H145-157), menu모드, meals_left=3(여유)",고추잡채꽃빵,True,True,False,True,True,True,True,True,True,백미밥|애호박새우젓국|고추잡채꽃빵|적어구이|저염오이김치,40.06180000000015,,RL_v2(R2)
R009,1_일반,155,여,50.5,menu,보통,2,True,김달걀말이,"일반조건: 키155cm/여(표준체중50.5kg,H145-157), menu모드, meals_left=2(보통)",김달걀말이,True,True,False,True,True,True,True,True,True,백미밥|수제비국|김달걀말이|시금치나물|비트무피클,37.93649999999893,,RL_v2(R2)
R010,1_일반,157,남,54.2,menu,여유,3,False,너비아니구이,"일반조건: 키157cm/남(표준체중54.2kg,H145-157), menu모드, meals_left=3(여유)",너비아니구이,True,True,False,True,True,True,True,True,True,백미밥|감자양파국|너비아니구이|쑥갓두부무침|저염오이김치,39.06950000000009,,RL_v2(R2)
R011,1_일반,146,남,46.9,ingredient,여유,3,False,꽃게,"일반조건: 키146cm/남(표준체중46.9kg,H145-157), ingredient모드, meals_left=3(여유)",꽃게탕,False,True,True,True,True,True,True,True,True,백미밥|꽃게탕|미트볼조림|양배추샐러드|저염오이김치,268.7172999999987,,RL_v2(R2)
R012,1_일반,149,여,46.6,ingredient,보통,2,True,동치미,"일반조건: 키149cm/여(표준체중46.6kg,H145-157), ingredient모드, meals_left=2(보통)",동치미국물,True,True,False,True,True,True,True,True,True,백미밥|잔치국수|고등어구이|감자채당근볶음|동치미국물,42.10389999999897,,RL_v2(R2)
R013,1_일반,152,남,50.8,ingredient,여유,3,False,오렌지,"일반조건: 키152cm/남(표준체중50.8kg,H145-157), ingredient모드, meals_left=3(여유)",오렌지,True,True,False,True,True,True,True,True,True,백미밥|감자양파국|오렌지|쑥갓두부무침|파프리카피클,44.48059999999998,,RL_v2(R2)
R014,1_일반,155,여,50.5,ingredient,보통,2,True,귤,"일반조건: 키155cm/여(표준체중50.5kg,H145-157), ingredient모드, meals_left=2(보통)",과일야채샐러드,True,True,False,True,True,True,True,True,True,백미밥|달걀실파국|마파두부|과일야채샐러드|파프리카피클,42.78730000000053,,RL_v2(R2)
R015,1_일반,157,남,54.2,ingredient,여유,3,False,깍두기,"일반조건: 키157cm/남(표준체중54.2kg,H145-157), ingredient모드, meals_left=3(여유)",깍두기,True,True,False,False,True,True,True,True,True,백미밥|맑은콩나물국|닭갈비|깻잎순나물|저염오이김치,40.439100000000394,,RL_v2(R2)
R016,1_일반,159,여,53.1,random,여유,3,False,,"일반조건: 키159cm/여(표준체중53.1kg,H158-167), random모드, meals_left=3(여유)",,True,True,False,True,True,True,True,True,True,백미밥|육개장|채소달걀찜|양배추나물|저염물김치,41.17930000000136,,RL_v2(R2)
R017,1_일반,161,남,57.0,random,보통,2,True,,"일반조건: 키161cm/남(표준체중57.0kg,H158-167), random모드, meals_left=2(보통)",,True,True,False,True,True,True,True,True,True,백미밥|시래기된장국|제육불고기|고사리나물|새송이피클,45.095699999999184,,RL_v2(R2)
R018,1_일반,163,여,55.8,random,여유,3,False,,"일반조건: 키163cm/여(표준체중55.8kg,H158-167), random모드, meals_left=3(여유)",,True,True,False,True,True,True,True,True,True,백미밥|양배추된장국|가자미양념찜|어향가지볶음|비트무피클,42.14890000000082,,RL_v2(R2)
R019,1_일반,165,남,59.9,random,보통,2,True,,"일반조건: 키165cm/남(표준체중59.9kg,H158-167), random모드, meals_left=2(보통)",,True,True,False,True,True,True,True,True,True,백미밥|달걀파국|닭살고구마조림|비름나물|비트무피클,41.2701000000002,,RL_v2(R2)
R020,1_일반,167,여,58.6,random,여유,3,False,,"일반조건: 키167cm/여(표준체중58.6kg,H158-167), random모드, meals_left=3(여유)",,True,True,False,True,True,True,True,True,True,백미밥|북엇국|쇠고기당면볶음|가지나물|저염오이김치,40.81120000000027,,RL_v2(R2)
R021,1_일반,159,여,53.1,menu,여유,3,False,늙은호박조림,"일반조건: 키159cm/여(표준체중53.1kg,H158-167), menu모드, meals_left=3(여유)",늙은호박조림,True,True,False,True,True,True,True,True,True,백미밥|감자양파국|마파두부|늙은호박조림|저염오이김치,40.33420000000021,,RL_v2(R2)
R022,1_일반,161,남,57.0,menu,보통,2,True,닭갈비,"일반조건: 키161cm/남(표준체중57.0kg,H158-167), menu모드, meals_left=2(보통)",닭갈비,True,True,False,True,True,True,True,True,True,백미밥|감자양파국|닭갈비|청포묵무침|저염물김치,39.259599999999395,,RL_v2(R2)
R023,1_일반,163,여,55.8,menu,여유,3,False,돈갈비찜,"일반조건: 키163cm/여(표준체중55.8kg,H158-167), menu모드, meals_left=3(여유)",돈갈비찜,True,True,False,True,True,True,True,True,True,백미밥|바지락살맑은국|돈갈비찜|배추나물|저염오이김치,39.80789999999956,,RL_v2(R2)
R024,1_일반,165,남,59.9,menu,보통,2,True,동태무조림,"일반조건: 키165cm/남(표준체중59.9kg,H158-167), menu모드, meals_left=2(보통)",동태무조림,True,True,False,True,True,True,True,True,True,백미밥|육개장|동태무조림|건새우마늘종볶음|저염오이김치,52.03700000000033,,RL_v2(R2)
R025,1_일반,167,여,58.6,menu,여유,3,False,두부구이,"일반조건: 키167cm/여(표준체중58.6kg,H158-167), menu모드, meals_left=3(여유)",두부구이,True,True,False,True,True,True,True,True,True,백미밥|호박잎된장국|오리불고기|두부구이|가지나물,46.28800000000055,,RL_v2(R2)
R026,1_일반,159,여,53.1,ingredient,여유,3,False,무지개떡,"일반조건: 키159cm/여(표준체중53.1kg,H158-167), ingredient모드, meals_left=3(여유)",무지개떡,True,True,False,True,True,True,True,True,True,백미밥|맑은콩나물국|무지개떡|코다리양념찜|저염오이김치,40.5818,,RL_v2(R2)
R027,1_일반,161,남,57.0,ingredient,보통,2,True,바나나,"일반조건: 키161cm/남(표준체중57.0kg,H158-167), ingredient모드, meals_left=2(보통)",바나나,True,True,False,True,True,True,True,True,True,백미밥|유부맑은국|바나나|닭볶음탕|오이피클,39.845899999999546,,RL_v2(R2)
R028,1_일반,163,여,55.8,ingredient,여유,3,False,배,"일반조건: 키163cm/여(표준체중55.8kg,H158-167), ingredient모드, meals_left=3(여유)",콩비지찌개,True,True,False,True,True,True,True,True,True,백미밥|콩비지찌개|닭살굴소스조림|취나물무침|저염오이김치,45.25809999999986,,RL_v2(R2)
R029,1_일반,165,남,59.9,ingredient,보통,2,True,복숭아,"일반조건: 키165cm/남(표준체중59.9kg,H158-167), ingredient모드, meals_left=2(보통)",복숭아,True,True,False,True,True,True,True,True,True,백미밥|북엇국|복숭아|양배추나물|파프리카피클,39.69749999999905,,RL_v2(R2)
R030,1_일반,167,여,58.6,ingredient,여유,3,False,백설기,"일반조건: 키167cm/여(표준체중58.6kg,H158-167), ingredient모드, meals_left=3(여유)",백설기,True,True,False,True,True,True,True,True,True,백미밥|쇠고기당면국|백설기|오징어볶음|저염물김치,45.04729999999846,,RL_v2(R2)
R031,1_일반,169,남,62.8,random,여유,3,False,,"일반조건: 키169cm/남(표준체중62.8kg,H168-179), random모드, meals_left=3(여유)",,True,True,False,True,True,True,True,True,True,백미밥|순두부찌개|돈사태찜|고사리나물|저염오이김치,42.58710000000043,,RL_v2(R2)
R032,1_일반,172,여,62.1,random,보통,2,True,,"일반조건: 키172cm/여(표준체중62.1kg,H168-179), random모드, meals_left=2(보통)",,True,True,False,True,True,True,True,True,True,백미밥|콩나물국|쇠고기팽이버섯볶음|부추양파무침|비트무피클,44.01770000000127,,RL_v2(R2)
R033,1_일반,175,남,67.4,random,여유,3,False,,"일반조건: 키175cm/남(표준체중67.4kg,H168-179), random모드, meals_left=3(여유)",,False,True,True,True,True,True,True,True,True,백미밥|북엇국|쇠고기당면볶음|깻잎순나물|새송이피클,121.43540000000108,,RL_v2(R2)
R034,1_일반,177,여,65.8,random,보통,2,True,,"일반조건: 키177cm/여(표준체중65.8kg,H168-179), random모드, meals_left=2(보통)",,True,True,False,True,True,True,True,True,True,백미밥|설렁탕|고등어데리야끼구이|감자조림|비트무피클,42.112600000001166,,RL_v2(R2)
R035,1_일반,179,남,70.5,random,여유,3,False,,"일반조건: 키179cm/남(표준체중70.5kg,H168-179), random모드, meals_left=3(여유)",,True,True,False,True,True,True,True,True,True,백미밥|시래기된장국|닭볶음탕|팽이버섯파프리카볶음|오이피클,48.36320000000072,,RL_v2(R2)
R036,1_일반,169,남,62.8,menu,여유,3,False,떡갈비구이,"일반조건: 키169cm/남(표준체중62.8kg,H168-179), menu모드, meals_left=3(여유)",떡갈비구이,True,True,False,True,True,True,True,True,True,백미밥|닭곰탕|떡갈비구이|가지나물|비트무피클,39.81110000000143,,RL_v2(R2)
R037,1_일반,172,여,62.1,menu,보통,2,True,맛살브로콜리볶음,"일반조건: 키172cm/여(표준체중62.1kg,H168-179), menu모드, meals_left=2(보통)",맛살브로콜리볶음,True,True,False,True,True,True,True,True,True,백미밥|시래기된장국|오리불고기|맛살브로콜리볶음|오이피클,40.57909999999865,,RL_v2(R2)
R038,1_일반,175,남,67.4,menu,여유,3,False,미트볼조림,"일반조건: 키175cm/남(표준체중67.4kg,H168-179), menu모드, meals_left=3(여유)",미트볼조림,True,True,False,True,True,True,True,True,True,백미밥|소고기뭇국|미트볼조림|시금치나물|저염오이김치,38.243999999998834,,RL_v2(R2)
R039,1_일반,177,여,65.8,menu,보통,2,True,브로콜리볶음,"일반조건: 키177cm/여(표준체중65.8kg,H168-179), menu모드, meals_left=2(보통)",브로콜리볶음,True,True,False,True,True,True,True,True,True,백미밥|콩비지백탕|쇠고기장조림|브로콜리볶음|저염오이김치,42.206600000000094,,RL_v2(R2)
R040,1_일반,179,남,70.5,menu,여유,3,False,비엔나소시지볶음,"일반조건: 키179cm/남(표준체중70.5kg,H168-179), menu모드, meals_left=3(여유)",비엔나소시지볶음,True,True,False,True,True,True,True,True,True,백미밥|닭곰탕|비엔나소시지볶음|시래기된장나물|저염물김치,109.09369999999896,,RL_v2(R2)
R041,1_일반,169,남,62.8,ingredient,여유,3,False,결명자차,"일반조건: 키169cm/남(표준체중62.8kg,H168-179), ingredient모드, meals_left=3(여유)",결명자차,True,True,False,True,True,True,True,True,True,백미밥|시금치된장국|결명자차|닭볶음탕|저염오이김치,39.048300000001035,,RL_v2(R2)
R042,1_일반,172,여,62.1,ingredient,보통,2,True,두유,"일반조건: 키172cm/여(표준체중62.1kg,H168-179), ingredient모드, meals_left=2(보통)",두유,True,True,False,True,True,True,True,True,True,백미밥|닭곰탕|두유|차돌박이숙주볶음|새송이피클,40.57889999999986,,RL_v2(R2)
R043,1_일반,175,남,67.4,ingredient,여유,3,False,녹차,"일반조건: 키175cm/남(표준체중67.4kg,H168-179), ingredient모드, meals_left=3(여유)",녹차,True,True,False,True,True,True,True,True,True,백미밥|콩나물국|녹차|닭볶음탕|새송이피클,46.985599999999295,,RL_v2(R2)
R044,1_일반,177,여,65.8,ingredient,보통,2,True,햄,"일반조건: 키177cm/여(표준체중65.8kg,H168-179), ingredient모드, meals_left=2(보통)",햄맛살튀김,True,True,False,True,True,True,True,True,True,백미밥|뼈해장국|햄맛살튀김|새송이버섯볶음|파프리카피클,56.906299999997856,,RL_v2(R2)
R045,1_일반,179,남,70.5,ingredient,여유,3,False,매실,"일반조건: 키179cm/남(표준체중70.5kg,H168-179), ingredient모드, meals_left=3(여유)",매실차,True,True,False,True,True,True,True,True,True,백미밥|소고기떡국|매실차|고사리나물|오이피클,49.1010999999979,,RL_v2(R2)
R046,1_일반,181,여,68.8,random,여유,3,False,,"일반조건: 키181cm/여(표준체중68.8kg,H180-190), random모드, meals_left=3(여유)",,True,True,False,True,True,True,True,True,True,백미밥|크림스프|돈까스소스|적어구이|저염오이김치,40.22600000000054,,RL_v2(R2)
R047,1_일반,183,남,73.7,random,보통,2,True,,"일반조건: 키183cm/남(표준체중73.7kg,H180-190), random모드, meals_left=2(보통)",,True,True,False,True,True,True,True,True,True,백미밥|잔치국수|닭볶음탕|숙주나물|비트무피클,91.18169999999992,,RL_v2(R2)
R048,1_일반,185,여,71.9,random,여유,3,False,,"일반조건: 키185cm/여(표준체중71.9kg,H180-190), random모드, meals_left=3(여유)",,True,True,False,True,True,True,True,True,True,백미밥|양배추된장국|쇠고기당면볶음|부추양파무침|새송이피클,46.24809999999968,,RL_v2(R2)
R049,1_일반,187,남,76.9,random,보통,2,True,,"일반조건: 키187cm/남(표준체중76.9kg,H180-190), random모드, meals_left=2(보통)",,True,True,False,True,True,True,True,True,True,백미밥|얼갈이된장국|닭살감자조림|참나물무침|고사리나물,90.84200000000209,,RL_v2(R2)
R050,1_일반,190,여,75.8,random,여유,3,False,,"일반조건: 키190cm/여(표준체중75.8kg,H180-190), random모드, meals_left=3(여유)",,False,False,False,True,True,True,True,False,True,백미밥|잔치국수|오징어볶음|가지나물|새송이피클,108.884800000002,,RL_v2(R2)
R051,1_일반,181,여,68.8,menu,여유,3,False,삼겹살두루치기,"일반조건: 키181cm/여(표준체중68.8kg,H180-190), menu모드, meals_left=3(여유)",삼겹살두루치기,True,True,False,True,True,True,True,True,True,백미밥|달걀실파국|삼겹살두루치기|부추양파무침|저염오이김치,37.47329999999849,,RL_v2(R2)
R052,1_일반,183,남,73.7,menu,보통,2,True,아귀찜,"일반조건: 키183cm/남(표준체중73.7kg,H180-190), menu모드, meals_left=2(보통)",아귀찜,True,True,False,True,True,True,True,True,True,백미밥|들기름미역국|아귀찜|닭볶음탕|파프리카피클,179.30589999999924,,RL_v2(R2)
R053,1_일반,185,여,71.9,menu,여유,3,False,애호박전,"일반조건: 키185cm/여(표준체중71.9kg,H180-190), menu모드, meals_left=3(여유)",애호박전,True,True,False,True,True,True,True,True,True,백미밥|오이냉국|닭볶음탕|애호박전|비트무피클,42.456699999998904,,RL_v2(R2)
R054,1_일반,187,남,76.9,menu,보통,2,True,연근조림,"일반조건: 키187cm/남(표준체중76.9kg,H180-190), menu모드, meals_left=2(보통)",연근조림,True,True,False,True,True,True,True,True,True,백미밥|김가루떡국|미트볼조림|연근조림|파프리카피클,44.361300000002046,,RL_v2(R2)
R055,1_일반,190,여,75.8,menu,여유,3,False,옥수수전,"일반조건: 키190cm/여(표준체중75.8kg,H180-190), menu모드, meals_left=3(여유)",옥수수전,False,False,False,True,True,False,True,True,True,백미밥|쑥갓어묵국|쇠고기장조림|옥수수전|파프리카피클,114.90279999999942,,RL_v2(R2)
R056,1_일반,181,여,68.8,ingredient,여유,3,False,멜론,"일반조건: 키181cm/여(표준체중68.8kg,H180-190), ingredient모드, meals_left=3(여유)",메론,True,True,False,True,True,True,True,True,True,백미밥|소고기뭇국|메론|닭볶음탕|비트무피클,52.986400000001765,,RL_v2(R2)
R057,1_일반,183,남,73.7,ingredient,보통,2,True,땅콩샌드,"일반조건: 키183cm/남(표준체중73.7kg,H180-190), ingredient모드, meals_left=2(보통)",땅콩샌드,False,True,True,False,True,True,True,True,True,백미밥|쑥갓된장국|차돌박이숙주볶음|비트무피클,79.50130000000044,,RL_v2(R2)
R058,1_일반,185,여,71.9,ingredient,여유,3,False,꽃게,"일반조건: 키185cm/여(표준체중71.9kg,H180-190), ingredient모드, meals_left=3(여유)",꽃게탕,True,True,False,True,True,True,True,True,True,백미밥|꽃게탕|섭산적|미니새송이버섯볶음|저염오이김치,120.32480000000234,,RL_v2(R2)
R059,1_일반,187,남,76.9,ingredient,보통,2,True,동치미,"일반조건: 키187cm/남(표준체중76.9kg,H180-190), ingredient모드, meals_left=2(보통)",동치미국물,True,True,False,True,True,True,True,True,True,백미밥|설렁탕|섭산적|부추사과무침|동치미국물,109.61069999999751,,RL_v2(R2)
R060,1_일반,190,여,75.8,ingredient,여유,3,False,오렌지,"일반조건: 키190cm/여(표준체중75.8kg,H180-190), ingredient모드, meals_left=3(여유)",과일탕수육,True,True,False,True,True,True,True,True,True,백미밥|닭곰탕|과일탕수육|짜사이채무침|저염오이김치,154.53500000000275,,RL_v2(R2)
R061,2_난도높음,181,남,72.1,random,보통,3,False,,"난도높음: 고신장181cm/남(표준체중72.1kg, 최고구간) + 랜덤모드(취약조합, 첫끼)",,True,True,False,True,True,True,True,True,True,백미밥|육개장|돈육고추잡채꽃빵|파래무무침|저염물김치,52.83490000000057,,RL_v2(R2)
R062,2_난도높음,183,여,70.3,random,보통,3,False,,"난도높음: 고신장183cm/여(표준체중70.3kg, 최고구간) + 랜덤모드(취약조합, 첫끼)",,True,True,False,True,True,True,True,True,True,백미밥|김가루떡국|돈갈비찜|청포묵무침|저염물김치,42.14329999999933,,RL_v2(R2)
R063,2_난도높음,185,남,75.3,random,보통,3,False,,"난도높음: 고신장185cm/남(표준체중75.3kg, 최고구간) + 랜덤모드(취약조합, 첫끼)",,False,False,False,True,False,True,True,True,True,백미밥|바지락살맑은국|닭살파프리카조림|토란대나물|비트무피클|수취리떡,140.05969999999834,,RL_v2(R2)
R064,2_난도높음,187,여,73.4,random,보통,3,False,,"난도높음: 고신장187cm/여(표준체중73.4kg, 최고구간) + 랜덤모드(취약조합, 첫끼)",,True,True,False,True,True,True,True,True,True,백미밥|북엇국|미트볼조림|청경채나물|비트무피클|통조림프루트칵테일,84.51399999999865,,RL_v2(R2)
R065,2_난도높음,190,남,79.4,random,보통,3,False,,"난도높음: 고신장190cm/남(표준체중79.4kg, 최고구간) + 랜덤모드(취약조합, 첫끼)",,False,True,False,True,True,True,True,True,True,백미밥|감자양파국|코다리엿장조림|청포묵김가루무침|저염오이김치,131.33440000000007,,RL_v2(R2)
R066,2_난도높음,181,여,68.8,random,보통,3,False,,"난도높음: 고신장181cm/여(표준체중68.8kg, 최고구간) + 랜덤모드(취약조합, 첫끼)",,True,True,False,True,True,True,True,True,True,백미밥|맑은콩나물국|닭볶음탕|고춧잎나물|저염오이김치,39.28630000000055,,RL_v2(R2)
R067,2_난도높음,183,남,73.7,random,보통,3,False,,"난도높음: 고신장183cm/남(표준체중73.7kg, 최고구간) + 랜덤모드(취약조합, 첫끼)",,False,True,True,True,True,True,True,True,True,백미밥|맑은콩나물국|닭볶음탕|청포묵무침|새송이피클,139.55699999999993,,RL_v2(R2)
R068,2_난도높음,185,여,71.9,random,보통,3,False,,"난도높음: 고신장185cm/여(표준체중71.9kg, 최고구간) + 랜덤모드(취약조합, 첫끼)",,True,True,False,True,True,True,True,True,True,백미밥|닭곰탕|동태전양념장|감자조림|비트무피클,78.87540000000115,,RL_v2(R2)
R069,2_난도높음,187,남,76.9,random,보통,3,False,,"난도높음: 고신장187cm/남(표준체중76.9kg, 최고구간) + 랜덤모드(취약조합, 첫끼)",,True,True,False,True,True,True,True,True,True,백미밥|맑은콩나물국|닭볶음탕|청포묵무침|오이피클,113.61620000000272,,RL_v2(R2)
R070,2_난도높음,190,여,75.8,random,보통,3,False,,"난도높음: 고신장190cm/여(표준체중75.8kg, 최고구간) + 랜덤모드(취약조합, 첫끼)",,False,False,False,True,True,False,True,True,True,백미밥|물만둣국|섭산적|브로콜리맛살볶음|새송이피클,114.80600000000152,,RL_v2(R2)
R071,2_난도높음,181,여,68.8,menu,보통,3,False,임연수구이,"난도높음: 고신장181cm/여(표준체중68.8kg) + 메뉴지정=""임연수구이""(신규앵커, 첫끼)",임연수구이,True,True,False,True,True,True,True,True,True,백미밥|순살감자탕|임연수구이|청포묵무침|저염오이김치,52.71199999999965,,RL_v2(R2)
R072,2_난도높음,183,남,73.7,menu,보통,3,False,한식잡채,"난도높음: 고신장183cm/남(표준체중73.7kg) + 메뉴지정=""한식잡채""(신규앵커, 첫끼)",한식잡채,True,True,False,True,True,True,True,True,True,백미밥|맑은콩나물국|가자미구이|한식잡채|저염오이김치,110.59819999999831,,RL_v2(R2)
R073,2_난도높음,185,여,71.9,menu,보통,3,False,치즈달걀말이,"난도높음: 고신장185cm/여(표준체중71.9kg) + 메뉴지정=""치즈달걀말이""(신규앵커, 첫끼)",치즈달걀말이,False,False,False,True,True,False,True,False,True,백미밥|잔치국수|치즈달걀말이|도토리묵무침|새송이피클,151.60159999999934,,RL_v2(R2)
R074,2_난도높음,187,남,76.9,menu,보통,3,False,코다리강정,"난도높음: 고신장187cm/남(표준체중76.9kg) + 메뉴지정=""코다리강정""(신규앵커, 첫끼)",코다리강정,False,False,False,True,True,True,True,False,True,백미밥|맑은콩나물국|코다리강정|궁채들깨볶음|저염오이김치,155.6594000000011,,RL_v2(R2)
R075,2_난도높음,190,여,75.8,menu,보통,3,False,표고버섯볶음,"난도높음: 고신장190cm/여(표준체중75.8kg) + 메뉴지정=""표고버섯볶음""(신규앵커, 첫끼)",표고버섯볶음,True,True,False,True,True,True,True,True,True,백미밥|양배추된장국|닭살감자조림|표고버섯볶음|파프리카피클,62.84810000000007,,RL_v2(R2)
R076,2_난도높음,181,남,72.1,menu,보통,3,False,해물파전,"난도높음: 고신장181cm/남(표준체중72.1kg) + 메뉴지정=""해물파전""(신규앵커, 첫끼)",해물파전,True,True,False,True,True,True,True,True,True,백미밥|우렁된장찌개|차돌박이숙주볶음|양배추나물|해물파전,49.678199999998895,,RL_v2(R2)
R077,2_난도높음,183,여,70.3,menu,보통,3,False,훈제오리구이,"난도높음: 고신장183cm/여(표준체중70.3kg) + 메뉴지정=""훈제오리구이""(신규앵커, 첫끼)",훈제오리구이,False,False,False,True,True,False,True,True,True,백미밥|우거지된장국|훈제오리구이|고사리나물|비트무피클,151.77200000000113,,RL_v2(R2)
R078,2_난도높음,185,남,75.3,menu,보통,3,False,닭강정,"난도높음: 고신장185cm/남(표준체중75.3kg) + 메뉴지정=""닭강정""(신규앵커, 첫끼)",닭강정,False,False,False,True,True,False,True,True,True,백미밥|아욱된장국|닭강정|건새우마늘종볶음|새송이피클,110.30470000000037,,RL_v2(R2)
R079,2_난도높음,187,여,73.4,menu,보통,3,False,가지튀김양념장,"난도높음: 고신장187cm/여(표준체중73.4kg) + 메뉴지정=""가지튀김양념장""(신규앵커, 첫끼)",가지튀김양념장,True,True,False,True,True,True,True,True,True,백미밥|조갯살맑은국|쇠고기숙주볶음|가지튀김양념장|오이피클|쌀과자,57.25699999999989,,RL_v2(R2)
R080,2_난도높음,190,남,79.4,menu,보통,3,False,감자고추장조림,"난도높음: 고신장190cm/남(표준체중79.4kg) + 메뉴지정=""감자고추장조림""(신규앵커, 첫끼)",감자고추장조림,True,True,False,True,True,True,True,True,True,백미밥|홍합살맑은국|참치채소볶음|감자고추장조림|저염오이김치,98.90120000000024,,RL_v2(R2)
R081,2_난도높음,159,남,55.6,random,빡빡함,2,True,,"난도높음: 키159cm/남(표준체중55.6kg) + meals_left=2(1끼 소비 후, 누적예산 빡빡) + random모드",,True,True,False,True,True,True,True,True,True,백미밥|순두부찌개|생선까스타르타르소스|가지나물|저염물김치,44.99840000000077,,RL_v2(R2)
R082,2_난도높음,172,남,65.1,menu,빡빡함,2,True,고추잡채꽃빵,"난도높음: 키172cm/남(표준체중65.1kg) + meals_left=2(1끼 소비 후, 누적예산 빡빡) + menu모드",고추잡채꽃빵,True,True,False,True,True,True,True,True,True,백미밥|아욱된장국|고추잡채꽃빵|깻잎순나물|저염오이김치,45.81660000000198,,RL_v2(R2)
R083,2_난도높음,163,남,58.5,ingredient,빡빡함,2,True,귤,"난도높음: 키163cm/남(표준체중58.5kg) + meals_left=2(1끼 소비 후, 누적예산 빡빡) + ingredient모드",귤,True,True,False,True,True,True,True,True,True,백미밥|북엇국|귤|고구마순나물|오이피클,41.61050000000088,,RL_v2(R2)
R084,2_난도높음,177,남,68.9,random,빡빡함,2,True,,"난도높음: 키177cm/남(표준체중68.9kg) + meals_left=2(1끼 소비 후, 누적예산 빡빡) + random모드",,True,True,False,True,True,True,True,True,True,백미밥|소고기우거지국|돈육폭찹|양배추나물|저염물김치,40.56939999999898,,RL_v2(R2)
R085,2_난도높음,167,남,61.4,menu,빡빡함,2,True,김달걀말이,"난도높음: 키167cm/남(표준체중61.4kg) + meals_left=2(1끼 소비 후, 누적예산 빡빡) + menu모드",김달걀말이,True,True,False,True,True,True,True,True,True,백미밥|소고기뭇국|김달걀말이|시금치나물|비트무피클,43.686699999998524,,RL_v2(R2)
R086,2_난도높음,169,남,62.8,ingredient,빡빡함,2,True,깍두기,"난도높음: 키169cm/남(표준체중62.8kg) + meals_left=2(1끼 소비 후, 누적예산 빡빡) + ingredient모드",깍두기,True,True,False,False,True,True,True,True,True,백미밥|무채된장국|돈목살양파볶음|상추쌈쌈장|새송이피클,41.84189999999788,,RL_v2(R2)
R087,2_난도높음,161,남,57.0,random,빡빡함,2,True,,"난도높음: 키161cm/남(표준체중57.0kg) + meals_left=2(1끼 소비 후, 누적예산 빡빡) + random모드",,True,True,False,True,True,True,True,True,True,백미밥|시금치된장국|소고기버섯볶음|새송이버섯볶음|저염물김치,41.93549999999746,,RL_v2(R2)
R088,2_난도높음,175,남,67.4,menu,빡빡함,2,True,너비아니구이,"난도높음: 키175cm/남(표준체중67.4kg) + meals_left=2(1끼 소비 후, 누적예산 빡빡) + menu모드",너비아니구이,True,True,False,True,True,True,True,True,True,백미밥|북엇국|너비아니구이|가지나물|오이피클,45.176100000002606,,RL_v2(R2)
R089,2_난도높음,165,남,59.9,ingredient,빡빡함,2,True,무지개떡,"난도높음: 키165cm/남(표준체중59.9kg) + meals_left=2(1끼 소비 후, 누적예산 빡빡) + ingredient모드",무지개떡,True,True,False,True,True,True,True,True,True,백미밥|시래기된장국|무지개떡|주꾸미볶음|저염물김치|딸기,43.78930000000025,,RL_v2(R2)
R090,2_난도높음,179,남,70.5,random,빡빡함,2,True,,"난도높음: 키179cm/남(표준체중70.5kg) + meals_left=2(1끼 소비 후, 누적예산 빡빡) + random모드",,True,True,False,True,True,True,True,True,True,백미밥|우렁된장찌개|차돌박이숙주볶음|양배추나물|오이피클,41.64039999999858,,RL_v2(R2)
R091,2_난도높음,146,남,46.9,random,보통,3,False,,"난도높음: 저신장146cm/남(표준체중46.9kg, 극단) + random모드",,True,True,False,True,True,True,True,True,True,백미밥|홍합살뭇국|베이컨스크램블에그|청경채나물|저염물김치,42.18999999999795,,RL_v2(R2)
R092,2_난도높음,149,남,48.8,ingredient,보통,3,False,바나나,"난도높음: 저신장149cm/남(표준체중48.8kg, 극단) + ingredient모드",바나나,True,True,False,True,True,True,True,True,True,백미밥|콩나물냉국|바나나|쑥갓두부무침|저염오이김치,38.81930000000011,,RL_v2(R2)
R093,2_난도높음,152,남,50.8,random,보통,3,False,,"난도높음: 저신장152cm/남(표준체중50.8kg, 극단) + random모드",,True,True,False,True,True,True,True,True,True,백미밥|유부미소국|떡갈비구이|과일샐러드|저염물김치,46.81599999999975,,RL_v2(R2)
R094,2_난도높음,155,남,52.9,ingredient,보통,3,False,배,"난도높음: 저신장155cm/남(표준체중52.9kg, 극단) + ingredient모드",양배추콘샐러드,True,True,False,True,True,True,True,True,True,백미밥|달걀파국|안동찜닭|양배추콘샐러드|저염오이김치,38.445700000004024,,RL_v2(R2)
R095,2_난도높음,157,남,54.2,random,보통,3,False,,"난도높음: 저신장157cm/남(표준체중54.2kg, 극단) + random모드",,True,True,False,True,True,True,True,True,True,백미밥|시래기된장국|돈채피망볶음|호박잎나물|저염물김치,41.65619999999848,,RL_v2(R2)
R096,2_난도높음,146,남,46.9,ingredient,보통,3,False,복숭아,"난도높음: 저신장146cm/남(표준체중46.9kg, 극단) + ingredient모드",복숭아,True,True,False,True,True,True,True,True,True,백미밥|배추된장국|복숭아|닭볶음탕|비트무피클,40.30600000000106,,RL_v2(R2)
R097,2_난도높음,149,남,48.8,random,보통,3,False,,"난도높음: 저신장149cm/남(표준체중48.8kg, 극단) + random모드",,True,True,False,True,True,True,True,True,True,백미밥|들깨미역국|돈갈비찜|가지나물|오이피클,47.372699999996826,,RL_v2(R2)
R098,2_난도높음,152,남,50.8,ingredient,보통,3,False,백설기,"난도높음: 저신장152cm/남(표준체중50.8kg, 극단) + ingredient모드",백설기,True,True,False,True,True,True,True,True,True,백미밥|시래기된장국|백설기|쑥갓두부무침|저염오이김치,39.570900000001075,,RL_v2(R2)
R099,2_난도높음,155,남,52.9,random,보통,3,False,,"난도높음: 저신장155cm/남(표준체중52.9kg, 극단) + random모드",,True,True,False,True,True,True,True,True,True,백미밥|북어채뭇국|스크램블에그|고사리나물|저염물김치,40.56340000000347,,RL_v2(R2)
R100,2_난도높음,157,남,54.2,ingredient,보통,3,False,결명자차,"난도높음: 저신장157cm/남(표준체중54.2kg, 극단) + ingredient모드",결명자차,True,True,False,True,True,True,True,True,True,백미밥|유부미소국|결명자차|닭볶음탕|비트무피클,39.55330000000146,,RL_v2(R2)
R101,3_경계조건,146,남,46.9,menu,매우빡빡함,1,True,늙은호박조림,"경계조건: 키146cm/남(표준체중46.9kg) + meals_left=1(마지막끼, 2끼 소비 후) + menu모드",늙은호박조림,True,True,False,True,True,True,True,True,True,백미밥|콩비지백탕|두부달걀구이|늙은호박조림|저염오이김치,38.26630000000364,,RL_v2(R2)
R102,3_경계조건,149,남,48.8,ingredient,매우빡빡함,1,True,두유,"경계조건: 키149cm/남(표준체중48.8kg) + meals_left=1(마지막끼, 2끼 소비 후) + ingredient모드",두유,True,True,False,True,True,True,True,True,True,백미밥|북엇국|두유|연두부새싹채소샐러드|새송이피클,38.73660000000001,,RL_v2(R2)
R103,3_경계조건,152,남,50.8,random,매우빡빡함,1,True,,"경계조건: 키152cm/남(표준체중50.8kg) + meals_left=1(마지막끼, 2끼 소비 후) + random모드",,True,True,False,True,True,True,True,True,True,백미밥|시래기된장국|참치채소볶음|얼갈이나물|파프리카피클,39.51229999999839,,RL_v2(R2)
R104,3_경계조건,155,남,52.9,menu,매우빡빡함,1,True,닭갈비,"경계조건: 키155cm/남(표준체중52.9kg) + meals_left=1(마지막끼, 2끼 소비 후) + menu모드",닭갈비,True,True,False,True,True,True,True,True,True,백미밥|동태쑥갓국|닭갈비|청포묵무침|새송이피클,39.60730000000012,,RL_v2(R2)
R105,3_경계조건,157,남,54.2,ingredient,매우빡빡함,1,True,녹차,"경계조건: 키157cm/남(표준체중54.2kg) + meals_left=1(마지막끼, 2끼 소비 후) + ingredient모드",녹차,True,True,False,True,True,True,True,True,True,백미밥|황태채뭇국|녹차|가지나물|파프리카피클,41.97080000000142,,RL_v2(R2)
R106,3_경계조건,146,남,46.9,random,매우빡빡함,1,True,,"경계조건: 키146cm/남(표준체중46.9kg) + meals_left=1(마지막끼, 2끼 소비 후) + random모드",,True,True,False,True,True,True,True,True,True,백미밥|근대된장국|비엔나케찹조림|브로콜리숙회초고추장|저염오이김치,42.424999999994384,,RL_v2(R2)
R107,3_경계조건,149,남,48.8,menu,매우빡빡함,1,True,돈갈비찜,"경계조건: 키149cm/남(표준체중48.8kg) + meals_left=1(마지막끼, 2끼 소비 후) + menu모드",돈갈비찜,True,True,False,True,True,True,True,True,True,백미밥|시래기된장국|돈갈비찜|청포묵무침|오이피클,38.68219999999667,,RL_v2(R2)
R108,3_경계조건,152,남,50.8,ingredient,매우빡빡함,1,True,햄,"경계조건: 키152cm/남(표준체중50.8kg) + meals_left=1(마지막끼, 2끼 소비 후) + ingredient모드",부대찌개,True,True,False,True,True,True,True,True,True,백미밥|부대찌개|너비아니구이|청포묵무침|저염오이김치,62.45049999999708,,RL_v2(R2)
R109,3_경계조건,155,남,52.9,random,매우빡빡함,1,True,,"경계조건: 키155cm/남(표준체중52.9kg) + meals_left=1(마지막끼, 2끼 소비 후) + random모드",,True,True,False,True,True,True,True,True,True,백미밥|달걀실파국|너비아니구이|시금치나물|비트무피클,40.642800000000534,,RL_v2(R2)
R110,3_경계조건,157,남,54.2,menu,매우빡빡함,1,True,동태무조림,"경계조건: 키157cm/남(표준체중54.2kg) + meals_left=1(마지막끼, 2끼 소비 후) + menu모드",동태무조림,True,True,False,True,True,True,True,True,True,백미밥|맑은콩나물국|동태무조림|올방개묵무침|비트무피클,57.78150000000437,,RL_v2(R2)
R111,3_경계조건,181,남,72.1,ingredient,매우빡빡함,1,True,매실,"경계조건: 키181cm/남(표준체중72.1kg) + meals_left=1(마지막끼, 2끼 소비 후) + ingredient모드",양념깻잎지,True,True,False,True,True,True,True,True,True,백미밥|맑은콩나물국|미트볼조림|양념깻잎지|오이피클,41.070300000001225,,RL_v2(R2)
R112,3_경계조건,183,남,73.7,random,매우빡빡함,1,True,,"경계조건: 키183cm/남(표준체중73.7kg) + meals_left=1(마지막끼, 2끼 소비 후) + random모드",,False,False,False,True,True,False,True,True,True,백미밥|쑥갓어묵국|두부달걀구이|새송이버섯볶음|새송이피클,127.63999999999953,,RL_v2(R2)
R113,3_경계조건,185,남,75.3,menu,매우빡빡함,1,True,두부구이,"경계조건: 키185cm/남(표준체중75.3kg) + meals_left=1(마지막끼, 2끼 소비 후) + menu모드",두부구이,True,True,False,True,True,True,True,True,True,백미밥|들깨무챗국|오리불고기|두부구이|부추양파무침,40.28029999999916,,RL_v2(R2)
R114,3_경계조건,187,남,76.9,ingredient,매우빡빡함,1,True,멜론,"경계조건: 키187cm/남(표준체중76.9kg) + meals_left=1(마지막끼, 2끼 소비 후) + ingredient모드",메론,True,True,False,True,True,True,True,True,True,백미밥|우거지된장국|메론|닭볶음탕|저염오이김치|증편,88.36240000000117,,RL_v2(R2)
R115,3_경계조건,190,남,79.4,random,매우빡빡함,1,True,,"경계조건: 키190cm/남(표준체중79.4kg) + meals_left=1(마지막끼, 2끼 소비 후) + random모드",,True,True,False,True,True,True,True,True,True,백미밥|양배추된장국|닭살감자조림|미니새송이버섯볶음|저염물김치,90.48239999999907,,RL_v2(R2)
R116,3_경계조건,181,남,72.1,menu,매우빡빡함,1,True,떡갈비구이,"경계조건: 키181cm/남(표준체중72.1kg) + meals_left=1(마지막끼, 2끼 소비 후) + menu모드",떡갈비구이,True,True,False,True,True,True,True,True,True,백미밥|소고기뭇국|떡갈비구이|쑥갓두부무침|저염오이김치,39.06980000000004,,RL_v2(R2)
R117,3_경계조건,183,남,73.7,ingredient,매우빡빡함,1,True,땅콩샌드,"경계조건: 키183cm/남(표준체중73.7kg) + meals_left=1(마지막끼, 2끼 소비 후) + ingredient모드",땅콩샌드,True,True,False,False,True,True,True,True,True,백미밥|닭칼국수|오징어볶음|저염물김치,38.010200000002214,,RL_v2(R2)
R118,3_경계조건,185,남,75.3,random,매우빡빡함,1,True,,"경계조건: 키185cm/남(표준체중75.3kg) + meals_left=1(마지막끼, 2끼 소비 후) + random모드",,True,True,False,True,True,True,True,True,True,백미밥|청국장찌개|너비아니구이|감자채피망볶음|비트무피클,66.96500000000327,,RL_v2(R2)
R119,3_경계조건,187,남,76.9,menu,매우빡빡함,1,True,맛살브로콜리볶음,"경계조건: 키187cm/남(표준체중76.9kg) + meals_left=1(마지막끼, 2끼 소비 후) + menu모드",맛살브로콜리볶음,True,True,False,True,True,True,True,True,True,백미밥|닭곰탕|동태전양념장|맛살브로콜리볶음|오이피클|양갱,44.64060000000103,,RL_v2(R2)
R120,3_경계조건,190,남,79.4,ingredient,매우빡빡함,1,True,꽃게,"경계조건: 키190cm/남(표준체중79.4kg) + meals_left=1(마지막끼, 2끼 소비 후) + ingredient모드",꽃게탕,False,False,False,True,False,True,True,True,True,백미밥|꽃게탕|쇠고기장조림|양배추나물|비트무피클,384.848599999998,,RL_v2(R2)
