sid,tier,height,sex,weight,mode,cum_state,meals_left,anchor_or_ing_input,success_ok_BASE,success_ok_RL기존,success_ok_R2,all5_nutrient_pass_BASE,all5_nutrient_pass_RL기존,all5_nutrient_pass_R2,anchor_preserved_BASE,anchor_preserved_RL기존,anchor_preserved_R2,unrealistic_BASE,unrealistic_RL기존,unrealistic_R2,열량_pass_BASE,열량_pass_RL기존,열량_pass_R2,단백질_pass_BASE,단백질_pass_RL기존,단백질_pass_R2,칼륨_pass_BASE,칼륨_pass_RL기존,칼륨_pass_R2,인_pass_BASE,인_pass_RL기존,인_pass_R2,나트륨_pass_BASE,나트륨_pass_RL기존,나트륨_pass_R2,elapsed_ms_BASE,elapsed_ms_RL기존,elapsed_ms_R2,final_menus_BASE,final_menus_RL기존,final_menus_R2,transition_BASE_vs_R2,transition_RL기존_vs_R2
R001,1_일반,146,남,46.9,random,여유,3,,True,True,True,True,True,True,True,True,True,False,False,False,True,True,True,True,True,True,True,True,True,True,True,True,True,True,True,115.66100000000112,70.60099999999991,71.48250000000012,백미밥|오이냉국|닭볶음탕|새송이버섯볶음|저염오이김치,백미밥|오이냉국|닭볶음탕|새송이버섯볶음|저염오이김치,백미밥|오이냉국|닭볶음탕|새송이버섯볶음|저염오이김치,both_pass,both_pass
R002,1_일반,149,여,46.6,random,보통,2,,True,True,True,True,True,True,True,True,True,False,False,False,True,True,True,True,True,True,True,True,True,True,True,True,True,True,True,46.958100000001224,40.62970000000021,41.91859999999892,백미밥|맑은콩나물국|주꾸미볶음|고춧잎나물|저염오이김치,백미밥|근대된장국|돈육바베큐소스볶음|양배추나물|비트무피클,백미밥|어묵쑥갓국|섭산적|궁채들깨볶음|파프리카피클,both_pass,both_pass
R003,1_일반,152,남,50.8,random,여유,3,,True,True,True,True,True,True,True,True,True,False,False,False,True,True,True,True,True,True,True,True,True,True,True,True,True,True,True,47.35810000000029,45.140599999999864,56.65190000000031,백미밥|홍합살뭇국|훈제오리냉채|청포묵무침|비트무피클,백미밥|홍합살뭇국|돈갈비찜|청포묵무침|비트무피클,백미밥|애호박된장국|닭살굴소스볶음|연근조림|비트무피클,both_pass,both_pass
R004,1_일반,155,여,50.5,random,보통,2,,True,True,True,True,True,True,True,True,True,False,False,False,True,True,True,True,True,True,True,True,True,True,True,True,True,True,True,42.852599999999796,41.320199999999474,41.93440000000059,백미밥|무채된장국|주꾸미볶음|과일샐러드|오이피클,백미밥|무채된장국|적어구이|과일샐러드|비트무피클,백미밥|무채된장국|적어구이|과일샐러드|저염물김치,both_pass,both_pass
R005,1_일반,157,남,54.2,random,여유,3,,True,True,True,True,True,True,True,True,True,False,False,False,True,True,True,True,True,True,True,True,True,True,True,True,True,True,True,41.26220000000025,46.19589999999896,40.97220000000057,백미밥|콩나물국|닭살고구마조림|고사리나물|저염오이김치,백미밥|쑥갓어묵국|동태전양념장|어향가지볶음|저염물김치,백미밥|근대된장국|닭살고구마조림|고사리나물|저염오이김치,both_pass,both_pass
R006,1_일반,146,남,46.9,menu,여유,3,가지튀김양념장,True,True,True,True,True,True,True,True,True,False,False,False,True,True,True,True,True,True,True,True,True,True,True,True,True,True,True,40.6683000000001,40.16430000000071,42.73960000000088,백미밥|감자양파국|참치채소볶음|가지튀김양념장|저염물김치,백미밥|배추된장국|임연수구이|가지튀김양념장|저염오이김치,백미밥|시금치된장국|소고기버섯볶음|가지튀김양념장|파프리카피클,both_pass,both_pass
R007,1_일반,149,여,46.6,menu,보통,2,감자고추장조림,True,True,True,True,True,True,True,True,True,False,False,False,True,True,True,True,True,True,True,True,True,True,True,True,True,True,True,38.19820000000007,46.66839999999972,39.045999999999026,백미밥|다시마무챗국|동태전양념장|감자고추장조림|파프리카피클,백미밥|근대된장국|돈갈비찜|감자고추장조림|파프리카피클,백미밥|버섯맑은국|너비아니구이|감자고추장조림|비트무피클,both_pass,both_pass
R008,1_일반,152,남,50.8,menu,여유,3,고추잡채꽃빵,True,True,True,True,True,True,True,True,True,False,False,False,True,True,True,True,True,True,True,True,True,True,True,True,True,True,True,43.7801000000011,43.412899999999865,40.06180000000015,백미밥|얼갈이된장국|고추잡채꽃빵|적어구이|비트무피클,백미밥|얼갈이된장국|고추잡채꽃빵|적어구이|비트무피클,백미밥|애호박새우젓국|고추잡채꽃빵|적어구이|저염오이김치,both_pass,both_pass
R009,1_일반,155,여,50.5,menu,보통,2,김달걀말이,True,True,True,True,True,True,True,True,True,False,False,False,True,True,True,True,True,True,True,True,True,True,True,True,True,True,True,38.915300000001096,37.784500000000776,37.93649999999893,백미밥|수제비국|김달걀말이|시금치나물|비트무피클,백미밥|수제비국|김달걀말이|시금치나물|저염물김치,백미밥|수제비국|김달걀말이|시금치나물|비트무피클,both_pass,both_pass
R010,1_일반,157,남,54.2,menu,여유,3,너비아니구이,True,True,True,True,True,True,True,True,True,False,False,False,True,True,True,True,True,True,True,True,True,True,True,True,True,True,True,39.10620000000087,38.17540000000008,39.06950000000009,백미밥|감자양파국|너비아니구이|쑥갓두부무침|저염오이김치,백미밥|감자양파국|너비아니구이|쑥갓두부무침|저염오이김치,백미밥|감자양파국|너비아니구이|쑥갓두부무침|저염오이김치,both_pass,both_pass
R011,1_일반,146,남,46.9,ingredient,여유,3,꽃게,False,False,False,True,True,True,True,True,True,True,True,True,True,True,True,True,True,True,True,True,True,True,True,True,True,True,True,259.6738999999992,251.2565999999996,268.7172999999987,백미밥|꽃게탕|훈제오리채소무침|치커리유자무침|저염오이김치,백미밥|꽃게탕|훈제오리채소무침|치커리유자무침|저염오이김치,백미밥|꽃게탕|미트볼조림|양배추샐러드|저염오이김치,both_fail,both_fail
R012,1_일반,149,여,46.6,ingredient,보통,2,동치미,True,True,True,True,True,True,True,True,True,False,False,False,True,True,True,True,True,True,True,True,True,True,True,True,True,True,True,70.17399999999974,41.13129999999998,42.10389999999897,백미밥|호박된장국|적어구이|고구마순나물|동치미국물,백미밥|잔치국수|고등어구이|감자채당근볶음|동치미국물,백미밥|잔치국수|고등어구이|감자채당근볶음|동치미국물,both_pass,both_pass
R013,1_일반,152,남,50.8,ingredient,여유,3,오렌지,True,True,True,True,True,True,True,True,True,False,False,False,True,True,True,True,True,True,True,True,True,True,True,True,True,True,True,42.40620000000028,42.23900000000036,44.48059999999998,백미밥|소고기떡국|오렌지|오징어볶음|저염오이김치,백미밥|양배추된장국|오렌지|닭볶음탕|파프리카피클,백미밥|감자양파국|오렌지|쑥갓두부무침|파프리카피클,both_pass,both_pass
R014,1_일반,155,여,50.5,ingredient,보통,2,귤,True,True,True,True,True,True,True,True,True,False,False,False,True,True,True,True,True,True,True,True,True,True,True,True,True,True,True,47.73780000000016,42.96709999999848,42.78730000000053,백미밥|달걀실파국|마파두부|과일야채샐러드|건새우마늘종볶음,백미밥|달걀실파국|마파두부|과일야채샐러드|파프리카피클,백미밥|달걀실파국|마파두부|과일야채샐러드|파프리카피클,both_pass,both_pass
R015,1_일반,157,남,54.2,ingredient,여유,3,깍두기,True,True,True,True,True,True,False,False,False,False,False,False,True,True,True,True,True,True,True,True,True,True,True,True,True,True,True,40.405099999999194,39.13069999999941,40.439100000000394,백미밥|맑은콩나물국|닭갈비|깻잎순나물|저염오이김치,백미밥|맑은콩나물국|닭갈비|깻잎순나물|저염오이김치,백미밥|맑은콩나물국|닭갈비|깻잎순나물|저염오이김치,both_pass,both_pass
R016,1_일반,159,여,53.1,random,여유,3,,True,True,True,True,True,True,True,True,True,False,False,False,True,True,True,True,True,True,True,True,True,True,True,True,True,True,True,39.944099999999594,39.94649999999922,41.17930000000136,백미밥|호박된장국|닭볶음탕|오이생채|저염오이김치,백미밥|호박된장국|닭볶음탕|표고버섯볶음|저염오이김치,백미밥|육개장|채소달걀찜|양배추나물|저염물김치,both_pass,both_pass
R017,1_일반,161,남,57.0,random,보통,2,,True,True,True,True,True,True,True,True,True,False,False,False,True,True,True,True,True,True,True,True,True,True,True,True,True,True,True,45.73159999999987,44.697700000000395,45.095699999999184,백미밥|팽이버섯장국|돼지고기간장구이|도토리묵무침|비트무피클,백미밥|시래기된장국|제육불고기|가지나물|새송이피클,백미밥|시래기된장국|제육불고기|고사리나물|새송이피클,both_pass,both_pass
R018,1_일반,163,여,55.8,random,여유,3,,True,True,True,True,True,True,True,True,True,False,False,False,True,True,True,True,True,True,True,True,True,True,True,True,True,True,True,67.59880000000074,43.47369999999984,42.14890000000082,백미밥|북엇국|마파두부|양념깻잎지|새송이피클,백미밥|미소장국|돈갈비찜|도토리묵무침|저염오이김치,백미밥|양배추된장국|가자미양념찜|어향가지볶음|비트무피클,both_pass,both_pass
R019,1_일반,165,남,59.9,random,보통,2,,True,True,True,True,True,True,True,True,True,False,False,False,True,True,True,True,True,True,True,True,True,True,True,True,True,True,True,43.24569999999994,42.10479999999883,41.2701000000002,백미밥|근대된장국|닭살고구마조림|비름나물|파프리카피클,백미밥|맑은콩나물국|닭살고구마조림|양념깻잎지|오이피클,백미밥|달걀파국|닭살고구마조림|비름나물|비트무피클,both_pass,both_pass
R020,1_일반,167,여,58.6,random,여유,3,,True,True,True,True,True,True,True,True,True,False,False,False,True,True,True,True,True,True,True,True,True,True,True,True,True,True,True,40.28260000000117,41.095000000000326,40.81120000000027,백미밥|북엇국|쇠고기당면볶음|깻잎순나물|저염오이김치,백미밥|북엇국|쇠고기당면볶음|깻잎순나물|저염오이김치,백미밥|북엇국|쇠고기당면볶음|가지나물|저염오이김치,both_pass,both_pass
R021,1_일반,159,여,53.1,menu,여유,3,늙은호박조림,True,True,True,True,True,True,True,True,True,False,False,False,True,True,True,True,True,True,True,True,True,True,True,True,True,True,True,38.15230000000014,39.03269999999992,40.33420000000021,백미밥|감자양파국|마파두부|늙은호박조림|저염오이김치,백미밥|감자양파국|마파두부|늙은호박조림|저염오이김치,백미밥|감자양파국|마파두부|늙은호박조림|저염오이김치,both_pass,both_pass
R022,1_일반,161,남,57.0,menu,보통,2,닭갈비,True,True,True,True,True,True,True,True,True,False,False,False,True,True,True,True,True,True,True,True,True,True,True,True,True,True,True,40.35509999999931,39.325099999999225,39.259599999999395,백미밥|감자양파국|닭갈비|청포묵무침|저염물김치,백미밥|감자양파국|닭갈비|청포묵무침|저염물김치,백미밥|감자양파국|닭갈비|청포묵무침|저염물김치,both_pass,both_pass
R023,1_일반,163,여,55.8,menu,여유,3,돈갈비찜,True,True,True,True,True,True,True,True,True,False,False,False,True,True,True,True,True,True,True,True,True,True,True,True,True,True,True,43.38019999999965,44.22060000000094,39.80789999999956,백미밥|소고기버섯전골|돈갈비찜|청포묵무침|파프리카피클,백미밥|황태미역국|돈갈비찜|청포묵무침|파프리카피클,백미밥|바지락살맑은국|돈갈비찜|배추나물|저염오이김치,both_pass,both_pass
R024,1_일반,165,남,59.9,menu,보통,2,동태무조림,True,True,True,True,True,True,True,True,True,False,False,False,True,True,True,True,True,True,True,True,True,True,True,True,True,True,True,52.45580000000061,113.78549999999876,52.03700000000033,백미밥|육개장|동태무조림|건새우마늘종볶음|저염오이김치,백미밥|크림스프|동태무조림|어향가지볶음|파프리카피클,백미밥|육개장|동태무조림|건새우마늘종볶음|저염오이김치,both_pass,both_pass
R025,1_일반,167,여,58.6,menu,여유,3,두부구이,True,True,True,True,True,True,True,True,True,False,False,False,True,True,True,True,True,True,True,True,True,True,True,True,True,True,True,49.04769999999914,56.29930000000094,46.28800000000055,백미밥|무양파국|돈육폭찹|두부구이|부추양파무침,백미밥|호박잎된장국|오리불고기|두부구이|가지나물,백미밥|호박잎된장국|오리불고기|두부구이|가지나물,both_pass,both_pass
R026,1_일반,159,여,53.1,ingredient,여유,3,무지개떡,True,True,True,True,True,True,True,True,True,False,False,False,True,True,True,True,True,True,True,True,True,True,True,True,True,True,True,52.195100000000494,43.17110000000035,40.5818,백미밥|설렁탕|무지개떡|고구마순나물|새송이피클,백미밥|육개장|무지개떡|참나물무침|저염오이김치,백미밥|맑은콩나물국|무지개떡|코다리양념찜|저염오이김치,both_pass,both_pass
R027,1_일반,161,남,57.0,ingredient,보통,2,바나나,True,True,True,True,True,True,True,True,True,False,False,False,True,True,True,True,True,True,True,True,True,True,True,True,True,True,True,40.68240000000145,39.31649999999998,39.845899999999546,백미밥|달걀실파국|바나나|시금치나물|저염물김치,백미밥|유부맑은국|바나나|닭볶음탕|오이피클,백미밥|유부맑은국|바나나|닭볶음탕|오이피클,both_pass,both_pass
R028,1_일반,163,여,55.8,ingredient,여유,3,배,True,True,True,True,True,True,True,True,True,False,False,False,True,True,True,True,True,True,True,True,True,True,True,True,True,True,True,39.797500000000596,39.168500000000606,45.25809999999986,백미밥|콩비지찌개|닭살굴소스조림|쑥갓나물|저염오이김치,백미밥|콩비지찌개|닭살굴소스조림|쑥갓나물|저염오이김치,백미밥|콩비지찌개|닭살굴소스조림|취나물무침|저염오이김치,both_pass,both_pass
R029,1_일반,165,남,59.9,ingredient,보통,2,복숭아,True,True,True,True,True,True,True,True,True,False,False,False,True,True,True,True,True,True,True,True,True,True,True,True,True,True,True,43.61579999999954,40.045599999999126,39.69749999999905,백미밥|북엇국|복숭아|쑥갓두부무침|파프리카피클,백미밥|육개장|복숭아|고사리나물|저염물김치,백미밥|북엇국|복숭아|양배추나물|파프리카피클,both_pass,both_pass
R030,1_일반,167,여,58.6,ingredient,여유,3,백설기,True,True,True,True,True,True,True,True,True,False,False,False,True,True,True,True,True,True,True,True,True,True,True,True,True,True,True,52.194099999999466,59.7493999999994,45.04729999999846,백미밥|냉이된장국|백설기|오징어볶음|파프리카피클,백미밥|열무된장국|백설기|닭볶음탕|저염오이김치,백미밥|쇠고기당면국|백설기|오징어볶음|저염물김치,both_pass,both_pass
R031,1_일반,169,남,62.8,random,여유,3,,True,True,True,True,True,True,True,True,True,False,False,False,True,True,True,True,True,True,True,True,True,True,True,True,True,True,True,49.67689999999969,43.69859999999903,42.58710000000043,백미밥|소고기미역국|새우살굴소스볶음|토란대나물|오이피클,백미밥|순두부찌개|돈사태찜|고사리나물|저염오이김치,백미밥|순두부찌개|돈사태찜|고사리나물|저염오이김치,both_pass,both_pass
R032,1_일반,172,여,62.1,random,보통,2,,True,True,True,True,True,True,True,True,True,False,False,False,True,True,True,True,True,True,True,True,True,True,True,True,True,True,True,42.37389999999941,43.60140000000001,44.01770000000127,백미밥|콩나물국|쇠고기팽이버섯볶음|부추양파무침|비트무피클,백미밥|콩나물국|쇠고기팽이버섯볶음|부추양파무침|비트무피클,백미밥|콩나물국|쇠고기팽이버섯볶음|부추양파무침|비트무피클,both_pass,both_pass
R033,1_일반,175,남,67.4,random,여유,3,,True,True,False,True,True,True,True,True,True,False,False,True,True,True,True,True,True,True,True,True,True,True,True,True,True,True,True,55.0430999999989,42.605799999998695,121.43540000000108,백미밥|버섯들깨탕|너비아니구이|상추쌈쌈장|파프리카피클,백미밥|육개장|오징어볶음|닭볶음탕|저염오이김치,백미밥|북엇국|쇠고기당면볶음|깻잎순나물|새송이피클,BASE성공_상대실패,BASE성공_상대실패
R034,1_일반,177,여,65.8,random,보통,2,,True,True,True,True,True,True,True,True,True,False,False,False,True,True,True,True,True,True,True,True,True,True,True,True,True,True,True,44.9856000000004,41.7828999999994,42.112600000001166,백미밥|감자양파국|닭볶음탕|브로콜리파프리카볶음|저염오이김치,백미밥|설렁탕|고등어데리야끼구이|감자조림|비트무피클,백미밥|설렁탕|고등어데리야끼구이|감자조림|비트무피클,both_pass,both_pass
R035,1_일반,179,남,70.5,random,여유,3,,True,True,True,True,True,True,True,True,True,False,False,False,True,True,True,True,True,True,True,True,True,True,True,True,True,True,True,46.88520000000018,46.870800000000656,48.36320000000072,백미밥|양배추된장국|닭살감자조림|애호박나물|저염물김치,백미밥|양배추된장국|닭살감자조림|청경채나물|저염물김치,백미밥|시래기된장국|닭볶음탕|팽이버섯파프리카볶음|오이피클,both_pass,both_pass
R036,1_일반,169,남,62.8,menu,여유,3,떡갈비구이,True,True,True,True,True,True,True,True,True,False,False,False,True,True,True,True,True,True,True,True,True,True,True,True,True,True,True,41.43129999999928,40.58690000000098,39.81110000000143,백미밥|돈등뼈감자탕|떡갈비구이|가지나물|비트무피클,백미밥|돈등뼈감자탕|떡갈비구이|가지나물|비트무피클,백미밥|닭곰탕|떡갈비구이|가지나물|비트무피클,both_pass,both_pass
R037,1_일반,172,여,62.1,menu,보통,2,맛살브로콜리볶음,True,True,True,True,True,True,True,True,True,False,False,False,True,True,True,True,True,True,True,True,True,True,True,True,True,True,True,38.11899999999824,37.875700000000734,40.57909999999865,백미밥|시래기된장국|오리불고기|맛살브로콜리볶음|오이피클,백미밥|시래기된장국|오리불고기|맛살브로콜리볶음|비트무피클,백미밥|시래기된장국|오리불고기|맛살브로콜리볶음|오이피클,both_pass,both_pass
R038,1_일반,175,남,67.4,menu,여유,3,미트볼조림,True,True,True,True,True,True,True,True,True,False,False,False,True,True,True,True,True,True,True,True,True,True,True,True,True,True,True,51.104899999998565,40.036499999999364,38.243999999998834,백미밥|소고기뭇국|미트볼조림|시금치나물|저염오이김치,백미밥|소고기뭇국|미트볼조림|숙주나물|저염오이김치,백미밥|소고기뭇국|미트볼조림|시금치나물|저염오이김치,both_pass,both_pass
R039,1_일반,177,여,65.8,menu,보통,2,브로콜리볶음,True,True,True,True,True,True,True,True,True,False,False,False,True,True,True,True,True,True,True,True,True,True,True,True,True,True,True,39.551499999998185,43.51980000000211,42.206600000000094,백미밥|콩비지백탕|쇠고기장조림|브로콜리볶음|저염오이김치,백미밥|콩비지백탕|쇠고기장조림|브로콜리볶음|저염오이김치,백미밥|콩비지백탕|쇠고기장조림|브로콜리볶음|저염오이김치,both_pass,both_pass
R040,1_일반,179,남,70.5,menu,여유,3,비엔나소시지볶음,True,True,True,True,True,True,True,True,True,False,False,False,True,True,True,True,True,True,True,True,True,True,True,True,True,True,True,54.923299999998676,61.07799999999841,109.09369999999896,백미밥|닭곰탕|비엔나소시지볶음|시래기된장나물|저염물김치,백미밥|닭곰탕|비엔나소시지볶음|시래기된장나물|저염물김치,백미밥|닭곰탕|비엔나소시지볶음|시래기된장나물|저염물김치,both_pass,both_pass
R041,1_일반,169,남,62.8,ingredient,여유,3,결명자차,True,True,True,True,True,True,True,True,True,False,False,False,True,True,True,True,True,True,True,True,True,True,True,True,True,True,True,43.98270000000082,39.47589999999934,39.048300000001035,백미밥|시금치된장국|결명자차|닭볶음탕|저염오이김치,백미밥|육개장|결명자차|닭볶음탕|저염오이김치,백미밥|시금치된장국|결명자차|닭볶음탕|저염오이김치,both_pass,both_pass
R042,1_일반,172,여,62.1,ingredient,보통,2,두유,True,True,True,True,True,True,True,True,True,False,False,False,True,True,True,True,True,True,True,True,True,True,True,True,True,True,True,40.90810000000289,39.42170000000189,40.57889999999986,백미밥|닭곰탕|두유|제육통마늘볶음|새송이피클,백미밥|닭곰탕|두유|주키니호박볶음|새송이피클,백미밥|닭곰탕|두유|차돌박이숙주볶음|새송이피클,both_pass,both_pass
R043,1_일반,175,남,67.4,ingredient,여유,3,녹차,True,True,True,True,True,True,True,True,True,False,False,False,True,True,True,True,True,True,True,True,True,True,True,True,True,True,True,47.42970000000213,51.05079999999873,46.985599999999295,백미밥|콩나물국|녹차|닭볶음탕|새송이피클,백미밥|콩나물국|녹차|닭볶음탕|새송이피클,백미밥|콩나물국|녹차|닭볶음탕|새송이피클,both_pass,both_pass
R044,1_일반,177,여,65.8,ingredient,보통,2,햄,True,True,True,True,True,True,True,True,True,False,False,False,True,True,True,True,True,True,True,True,True,True,True,True,True,True,True,51.2941999999974,50.61080000000118,56.906299999997856,백미밥|뼈해장국|햄맛살튀김|청경채나물|비트무피클,백미밥|뼈해장국|햄맛살튀김|어향가지볶음|파프리카피클,백미밥|뼈해장국|햄맛살튀김|새송이버섯볶음|파프리카피클,both_pass,both_pass
R045,1_일반,179,남,70.5,ingredient,여유,3,매실,True,True,True,True,True,True,True,True,True,False,False,False,True,True,True,True,True,True,True,True,True,True,True,True,True,True,True,62.03819999999993,44.30930000000188,49.1010999999979,백미밥|소고기뭇국|매실차|닭볶음탕|저염물김치,백미밥|소고기뭇국|매실차|닭볶음탕|파프리카피클,백미밥|소고기떡국|매실차|고사리나물|오이피클,both_pass,both_pass
R046,1_일반,181,여,68.8,random,여유,3,,True,True,True,True,True,True,True,True,True,False,False,False,True,True,True,True,True,True,True,True,True,True,True,True,True,True,True,42.49170000000291,41.50890000000018,40.22600000000054,백미밥|크림스프|돈가스소스|적어구이|저염오이김치,백미밥|시래기된장국|닭볶음탕|도토리묵무침|저염물김치,백미밥|크림스프|돈까스소스|적어구이|저염오이김치,both_pass,both_pass
R047,1_일반,183,남,73.7,random,보통,2,,True,True,True,True,True,True,True,True,True,False,False,False,True,True,True,True,True,True,True,True,True,True,True,True,True,True,True,52.36370000000079,48.15220000000053,91.18169999999992,백미밥|잔치국수|너비아니구이|오이무침|파프리카피클,백미밥|잔치국수|닭볶음탕|오이무침|오이피클,백미밥|잔치국수|닭볶음탕|숙주나물|비트무피클,both_pass,both_pass
R048,1_일반,185,여,71.9,random,여유,3,,False,True,True,True,True,True,True,True,True,True,False,False,True,True,True,True,True,True,True,True,True,True,True,True,True,True,True,146.65319999999937,58.66440000000139,46.24809999999968,백미밥|육개장|적어구이|닭볶음탕|저염물김치,백미밥|시래기된장국|낙지볶음|콩나물무침|파프리카피클|연양갱,백미밥|양배추된장국|쇠고기당면볶음|부추양파무침|새송이피클,BASE실패_상대성공,both_pass
R049,1_일반,187,남,76.9,random,보통,2,,False,False,True,False,False,True,True,True,True,False,False,False,True,True,True,True,True,True,True,True,True,False,False,True,True,True,True,138.22299999999998,129.43540000000198,90.84200000000209,백미밥|유부장국|돈까스소스|토마토양상추샐러드발사믹드레싱|저염물김치,백미밥|유부장국|돈까스소스|양배추샐러드|새송이피클,백미밥|얼갈이된장국|닭살감자조림|참나물무침|고사리나물,BASE실패_상대성공,BASE실패_상대성공
R050,1_일반,190,여,75.8,random,여유,3,,False,True,False,True,True,False,True,True,True,False,False,False,True,True,True,True,True,True,True,True,True,True,True,False,True,True,True,145.18389999999926,73.04729999999893,108.884800000002,백미밥|닭칼국수|고등어구이|오징어볶음|새송이피클,백미밥|설렁탕|돈까스소스|양배추샐러드|브로콜리숙회초고추장,백미밥|잔치국수|오징어볶음|가지나물|새송이피클,both_fail,BASE성공_상대실패
R051,1_일반,181,여,68.8,menu,여유,3,삼겹살두루치기,True,True,True,True,True,True,True,True,True,False,False,False,True,True,True,True,True,True,True,True,True,True,True,True,True,True,True,41.970400000000296,38.536600000000476,37.47329999999849,백미밥|달걀실파국|삼겹살두루치기|부추양파무침|저염오이김치,백미밥|달걀실파국|삼겹살두루치기|부추양파무침|저염오이김치,백미밥|달걀실파국|삼겹살두루치기|부추양파무침|저염오이김치,both_pass,both_pass
R052,1_일반,183,남,73.7,menu,보통,2,아귀찜,True,True,True,True,True,True,True,True,True,False,False,False,True,True,True,True,True,True,True,True,True,True,True,True,True,True,True,329.8059000000002,135.27210000000167,179.30589999999924,백미밥|시금치된장국|아귀찜|닭볶음탕|저염오이김치,백미밥|시래기된장국|아귀찜|닭볶음탕|저염오이김치,백미밥|들기름미역국|아귀찜|닭볶음탕|파프리카피클,both_pass,both_pass
R053,1_일반,185,여,71.9,menu,여유,3,애호박전,True,True,True,True,True,True,True,True,True,False,False,False,True,True,True,True,True,True,True,True,True,True,True,True,True,True,True,60.02239999999759,49.64089999999999,42.456699999998904,백미밥|배추된장국|닭볶음탕|애호박전|파프리카피클,백미밥|오이냉국|닭볶음탕|애호박전|비트무피클,백미밥|오이냉국|닭볶음탕|애호박전|비트무피클,both_pass,both_pass
R054,1_일반,187,남,76.9,menu,보통,2,연근조림,True,True,True,True,True,True,True,True,True,False,False,False,True,True,True,True,True,True,True,True,True,True,True,True,True,True,True,49.83469999999812,47.674999999998136,44.361300000002046,백미밥|김가루떡국|미트볼조림|연근조림|비트무피클,백미밥|김가루떡국|미트볼조림|연근조림|파프리카피클,백미밥|김가루떡국|미트볼조림|연근조림|파프리카피클,both_pass,both_pass
R055,1_일반,190,여,75.8,menu,여유,3,옥수수전,False,False,False,False,False,False,True,True,True,False,False,False,True,True,True,False,False,False,True,True,True,True,True,True,True,True,True,140.7014000000011,138.0447000000018,114.90279999999942,백미밥|찐만두초간장|청경채무침|옥수수전|치커리유자무침,백미밥|찐만두초간장|청경채무침|옥수수전|치커리유자무침,백미밥|쑥갓어묵국|쇠고기장조림|옥수수전|파프리카피클,both_fail,both_fail
R056,1_일반,181,여,68.8,ingredient,여유,3,멜론,True,True,True,True,True,True,True,True,True,False,False,False,True,True,True,True,True,True,True,True,True,True,True,True,True,True,True,46.6003999999991,54.04139999999913,52.986400000001765,백미밥|북엇국|메론|닭볶음탕|비트무피클,백미밥|닭칼국수|메론|쑥갓두부무침|저염오이김치,백미밥|소고기뭇국|메론|닭볶음탕|비트무피클,both_pass,both_pass
R057,1_일반,183,남,73.7,ingredient,보통,2,땅콩샌드,False,True,False,True,True,True,False,False,False,True,False,True,True,True,True,True,True,True,True,True,True,True,True,True,True,True,True,105.54499999999933,53.35099999999926,79.50130000000044,백미밥|쑥갓된장국|차돌박이숙주볶음|저염오이김치,백미밥|우거지된장국|닭볶음탕|저염오이김치,백미밥|쑥갓된장국|차돌박이숙주볶음|비트무피클,both_fail,BASE성공_상대실패
R058,1_일반,185,여,71.9,ingredient,여유,3,꽃게,True,True,True,True,True,True,True,True,True,False,False,False,True,True,True,True,True,True,True,True,True,True,True,True,True,True,True,121.35909999999939,79.20719999999903,120.32480000000234,백미밥|꽃게탕|닭살굴소스조림|미니새송이버섯볶음|저염오이김치,백미밥|꽃게탕|미트볼조림|어향가지볶음|저염오이김치,백미밥|꽃게탕|섭산적|미니새송이버섯볶음|저염오이김치,both_pass,both_pass
R059,1_일반,187,남,76.9,ingredient,보통,2,동치미,False,True,True,False,True,True,True,True,True,False,False,False,False,True,True,True,True,True,True,True,True,True,True,True,True,True,True,204.45270000000093,76.87259999999796,109.61069999999751,백미밥|아욱된장국|돈육폭찹|탕평채|동치미국물|크림빵,백미밥|육개장|돈육강정|도토리묵무침|동치미국물|연양갱,백미밥|설렁탕|섭산적|부추사과무침|동치미국물,BASE실패_상대성공,both_pass
R060,1_일반,190,여,75.8,ingredient,여유,3,오렌지,True,True,True,True,True,True,True,True,True,False,False,False,True,True,True,True,True,True,True,True,True,True,True,True,True,True,True,90.66699999999983,92.75230000000079,154.53500000000275,백미밥|수제비국|과일탕수육|짜사이채무침|파프리카피클,백미밥|수제비국|과일탕수육|짜사이채무침|파프리카피클,백미밥|닭곰탕|과일탕수육|짜사이채무침|저염오이김치,both_pass,both_pass
R061,2_난도높음,181,남,72.1,random,보통,3,,True,True,True,True,True,True,True,True,True,False,False,False,True,True,True,True,True,True,True,True,True,True,True,True,True,True,True,140.07780000000025,93.50030000000231,52.83490000000057,백미밥|들기름미역국|닭살고구마조림|고사리나물|참나물무침,백미밥|육개장|돈육고추잡채꽃빵|파래무무침|오이피클,백미밥|육개장|돈육고추잡채꽃빵|파래무무침|저염물김치,both_pass,both_pass
R062,2_난도높음,183,여,70.3,random,보통,3,,True,True,True,True,True,True,True,True,True,False,False,False,True,True,True,True,True,True,True,True,True,True,True,True,True,True,True,47.551899999998426,40.79899999999981,42.14329999999933,백미밥|김가루떡국|돈갈비찜|청포묵무침|저염물김치,백미밥|김가루떡국|돈갈비찜|청포묵무침|저염물김치,백미밥|김가루떡국|돈갈비찜|청포묵무침|저염물김치,both_pass,both_pass
R063,2_난도높음,185,남,75.3,random,보통,3,,True,False,False,True,True,False,True,True,True,False,True,False,True,True,False,True,True,True,True,True,True,True,True,True,True,True,True,51.912699999999035,136.86579999999893,140.05969999999834,백미밥|근대된장국|떡갈비구이|닭볶음탕|비트무피클,백미밥|육개장|훈제오리구이|닭볶음탕|저염오이김치,백미밥|바지락살맑은국|닭살파프리카조림|토란대나물|비트무피클|수취리떡,BASE성공_상대실패,both_fail
R064,2_난도높음,187,여,73.4,random,보통,3,,True,True,True,True,True,True,True,True,True,False,False,False,True,True,True,True,True,True,True,True,True,True,True,True,True,True,True,45.916800000000535,42.82870000000116,84.51399999999865,백미밥|시래기된장국|닭볶음탕|도토리묵무침|비트무피클,백미밥|시래기된장국|닭볶음탕|도토리묵무침|비트무피클,백미밥|북엇국|미트볼조림|청경채나물|비트무피클|통조림프루트칵테일,both_pass,both_pass
R065,2_난도높음,190,남,79.4,random,보통,3,,False,False,False,False,False,True,True,True,True,False,False,False,True,True,True,False,True,True,True,True,True,True,False,True,True,True,True,140.3023999999995,109.527700000001,131.33440000000007,백미밥|삼색수제비|훈제오리구이|팽이버섯파프리카볶음|저염물김치,백미밥|육개장|임연수카레구이|새송이버섯볶음|저염물김치,백미밥|감자양파국|코다리엿장조림|청포묵김가루무침|저염오이김치,both_fail,both_fail
R066,2_난도높음,181,여,68.8,random,보통,3,,False,True,True,True,True,True,True,True,True,True,False,False,True,True,True,True,True,True,True,True,True,True,True,True,True,True,True,136.0594000000006,43.93440000000126,39.28630000000055,백미밥|짬뽕국|적어구이|닭볶음탕|새송이피클,백미밥|맑은콩나물국|닭볶음탕|고춧잎나물|저염오이김치,백미밥|맑은콩나물국|닭볶음탕|고춧잎나물|저염오이김치,BASE실패_상대성공,both_pass
R067,2_난도높음,183,남,73.7,random,보통,3,,False,False,False,True,True,True,True,True,True,True,False,True,True,True,True,True,True,True,True,True,True,True,True,True,True,True,True,148.7552999999977,126.5217000000014,139.55699999999993,백미밥|맑은콩나물국|닭볶음탕|청포묵무침|새송이피클,백미밥|소고기미역국|너비아니구이|숙주나물|저염오이김치,백미밥|맑은콩나물국|닭볶음탕|청포묵무침|새송이피클,both_fail,both_fail
R068,2_난도높음,185,여,71.9,random,보통,3,,True,True,True,True,True,True,True,True,True,False,False,False,True,True,True,True,True,True,True,True,True,True,True,True,True,True,True,78.49899999999721,64.16580000000138,78.87540000000115,백미밥|다시마감자국|소고기우엉볶음|연두부새싹채소샐러드|파프리카피클,백미밥|닭곰탕|동태전양념장|감자조림|비트무피클,백미밥|닭곰탕|동태전양념장|감자조림|비트무피클,both_pass,both_pass
R069,2_난도높음,187,남,76.9,random,보통,3,,False,False,True,False,False,True,True,True,True,False,False,False,True,True,True,False,True,True,True,True,True,True,False,True,True,True,True,133.4704000000002,108.41100000000026,113.61620000000272,백미밥|김가루떡국|돈갈비찜|청포묵무침|저염오이김치,백미밥|맑은콩나물국|가자미카레구이|숙주나물|저염오이김치,백미밥|맑은콩나물국|닭볶음탕|청포묵무침|오이피클,BASE실패_상대성공,BASE실패_상대성공
R070,2_난도높음,190,여,75.8,random,보통,3,,False,True,False,False,True,False,True,True,True,False,False,False,True,True,True,True,True,False,True,True,True,False,True,True,True,True,True,137.78839999999803,85.30070000000123,114.80600000000152,백미밥|달걀파국|함박스테이크|짜사이무침|오이피클,백미밥|시래기된장국|제육볶음|닭볶음탕|파프리카피클,백미밥|물만둣국|섭산적|브로콜리맛살볶음|새송이피클,both_fail,BASE성공_상대실패
R071,2_난도높음,181,여,68.8,menu,보통,3,임연수구이,True,False,True,True,False,True,True,True,True,False,False,False,True,True,True,True,True,True,True,True,True,True,False,True,True,True,True,52.62520000000137,102.1907000000013,52.71199999999965,백미밥|순살무탕|임연수구이|참나물무침|저염오이김치,백미밥|시래기된장국|임연수구이|표고버섯볶음|오이피클,백미밥|순살감자탕|임연수구이|청포묵무침|저염오이김치,both_pass,BASE실패_상대성공
R072,2_난도높음,183,남,73.7,menu,보통,3,한식잡채,True,True,True,True,True,True,True,True,True,False,False,False,True,True,True,True,True,True,True,True,True,True,True,True,True,True,True,91.18309999999852,53.737999999999175,110.59819999999831,백미밥|들기름미역국|비엔나닭고기볶음|한식잡채|비트무피클,백미밥|시래기된장국|닭볶음탕|한식잡채|오이피클,백미밥|맑은콩나물국|가자미구이|한식잡채|저염오이김치,both_pass,both_pass
R073,2_난도높음,185,여,71.9,menu,보통,3,치즈달걀말이,False,False,False,False,False,False,True,True,True,False,False,False,True,True,True,True,True,False,True,True,True,False,False,False,True,True,True,151.6207999999999,156.57580000000237,151.60159999999934,백미밥|잔치국수|치즈달걀말이|브로콜리맛살볶음|새송이피클,백미밥|잔치국수|치즈달걀말이|브로콜리맛살볶음|새송이피클,백미밥|잔치국수|치즈달걀말이|도토리묵무침|새송이피클,both_fail,both_fail
R074,2_난도높음,187,남,76.9,menu,보통,3,코다리강정,False,True,False,False,True,False,True,True,True,False,False,False,True,True,True,True,True,True,True,True,True,False,True,False,True,True,True,155.8320000000002,122.78369999999938,155.6594000000011,백미밥|맑은콩나물국|코다리강정|궁채들깨볶음|저염오이김치,백미밥|콩나물국|코다리강정|새송이버섯볶음|저염오이김치,백미밥|맑은콩나물국|코다리강정|궁채들깨볶음|저염오이김치,both_fail,BASE성공_상대실패
R075,2_난도높음,190,여,75.8,menu,보통,3,표고버섯볶음,True,False,True,True,True,True,True,True,True,False,False,False,True,True,True,True,True,True,True,True,True,True,True,True,True,True,True,64.7749000000033,94.78869999999873,62.84810000000007,백미밥|배추된장국|닭볶음탕|표고버섯볶음|저염오이김치,백미밥|설렁탕|차돌박이숙주볶음|표고버섯볶음|저염물김치,백미밥|양배추된장국|닭살감자조림|표고버섯볶음|파프리카피클,both_pass,BASE실패_상대성공
R076,2_난도높음,181,남,72.1,menu,보통,3,해물파전,True,True,True,True,True,True,True,True,True,False,False,False,True,True,True,True,True,True,True,True,True,True,True,True,True,True,True,104.48710000000005,50.28259999999918,49.678199999998895,짜장밥|시래기된장국|미트볼조림|옥수수전|해물파전,백미밥|우렁된장찌개|쇠고기숙주볶음|깻잎순나물|해물파전,백미밥|우렁된장찌개|차돌박이숙주볶음|양배추나물|해물파전,both_pass,both_pass
R077,2_난도높음,183,여,70.3,menu,보통,3,훈제오리구이,False,False,False,False,False,False,True,True,True,False,False,False,True,True,True,False,False,False,True,True,True,True,True,True,True,True,True,140.6207999999971,162.70890000000193,151.77200000000113,백미밥|맑은콩나물국|훈제오리구이|감자고추장조림|저염오이김치,백미밥|맑은콩나물국|훈제오리구이|감자고추장조림|저염오이김치,백미밥|우거지된장국|훈제오리구이|고사리나물|비트무피클,both_fail,both_fail
R078,2_난도높음,185,남,75.3,menu,보통,3,닭강정,True,True,False,True,True,False,True,True,True,False,False,False,True,True,True,True,True,False,True,True,True,True,True,True,True,True,True,47.06780000000066,41.45949999999843,110.30470000000037,백미밥|육개장|닭강정|치킨가스|파프리카피클,백미밥|육개장|닭강정|치킨가스|파프리카피클,백미밥|아욱된장국|닭강정|건새우마늘종볶음|새송이피클,BASE성공_상대실패,BASE성공_상대실패
R079,2_난도높음,187,여,73.4,menu,보통,3,가지튀김양념장,True,True,True,True,True,True,True,True,True,False,False,False,True,True,True,True,True,True,True,True,True,True,True,True,True,True,True,61.55669999999702,62.741100000000216,57.25699999999989,백미밥|조갯살맑은국|쇠고기숙주볶음|가지튀김양념장|오이피클|쌀과자,백미밥|조갯살맑은국|쇠고기숙주볶음|가지튀김양념장|오이피클|쌀과자,백미밥|조갯살맑은국|쇠고기숙주볶음|가지튀김양념장|오이피클|쌀과자,both_pass,both_pass
R080,2_난도높음,190,남,79.4,menu,보통,3,감자고추장조림,False,True,True,True,True,True,True,True,True,True,False,False,True,True,True,True,True,True,True,True,True,True,True,True,True,True,True,120.35689999999732,98.44249999999732,98.90120000000024,백미밥|건새우미역국|닭볶음탕|감자고추장조림|저염오이김치,백미밥|홍합살맑은국|찜닭|감자고추장조림|저염오이김치,백미밥|홍합살맑은국|참치채소볶음|감자고추장조림|저염오이김치,BASE실패_상대성공,both_pass
R081,2_난도높음,159,남,55.6,random,빡빡함,2,,True,True,True,True,True,True,True,True,True,False,False,False,True,True,True,True,True,True,True,True,True,True,True,True,True,True,True,42.26650000000021,41.820599999997654,44.99840000000077,백미밥|순두부찌개|생선까스타르타르소스|가지나물|비트무피클,백미밥|양송이들깨탕|안동찜닭|새송이버섯볶음|비트무피클,백미밥|순두부찌개|생선까스타르타르소스|가지나물|저염물김치,both_pass,both_pass
R082,2_난도높음,172,남,65.1,menu,빡빡함,2,고추잡채꽃빵,True,True,True,True,True,True,True,True,True,False,False,False,True,True,True,True,True,True,True,True,True,True,True,True,True,True,True,45.02420000000029,72.2789999999982,45.81660000000198,백미밥|두부새우젓국|고추잡채꽃빵|돈까스소스|파프리카피클,백미밥|소고기뭇국|고추잡채꽃빵|볼어묵조림|비트무피클,백미밥|아욱된장국|고추잡채꽃빵|깻잎순나물|저염오이김치,both_pass,both_pass
R083,2_난도높음,163,남,58.5,ingredient,빡빡함,2,귤,True,True,True,True,True,True,True,True,True,False,False,False,True,True,True,True,True,True,True,True,True,True,True,True,True,True,True,44.78109999999802,39.576499999999015,41.61050000000088,백미밥|북엇국|귤|애느타리피망볶음|오이피클,백미밥|소고기미역국|귤|두부양념조림|새송이피클,백미밥|북엇국|귤|고구마순나물|오이피클,both_pass,both_pass
R084,2_난도높음,177,남,68.9,random,빡빡함,2,,True,True,True,True,True,True,True,True,True,False,False,False,True,True,True,True,True,True,True,True,True,True,True,True,True,True,True,104.99049999999954,41.938500000000545,40.56939999999898,백미밥|아욱된장국|닭볶음탕|가지볶음|저염오이김치,백미밥|북엇국|돈육폭찹|시금치나물|파프리카피클,백미밥|소고기우거지국|돈육폭찹|양배추나물|저염물김치,both_pass,both_pass
R085,2_난도높음,167,남,61.4,menu,빡빡함,2,김달걀말이,True,True,True,True,True,True,True,True,True,False,False,False,True,True,True,True,True,True,True,True,True,True,True,True,True,True,True,43.60070000000249,39.76000000000113,43.686699999998524,백미밥|소고기뭇국|김달걀말이|시금치나물|비트무피클,백미밥|물만둣국|김달걀말이|시금치나물|새송이피클,백미밥|소고기뭇국|김달걀말이|시금치나물|비트무피클,both_pass,both_pass
R086,2_난도높음,169,남,62.8,ingredient,빡빡함,2,깍두기,True,True,True,True,True,True,False,False,False,False,False,False,True,True,True,True,True,True,True,True,True,True,True,True,True,True,True,45.101600000002406,39.10680000000255,41.84189999999788,백미밥|맑은콩나물국|주꾸미볶음|고춧잎나물|저염오이김치,백미밥|시래기된장국|수육보쌈새우젓|가지볶음|저염물김치,백미밥|무채된장국|돈목살양파볶음|상추쌈쌈장|새송이피클,both_pass,both_pass
R087,2_난도높음,161,남,57.0,random,빡빡함,2,,True,True,True,True,True,True,True,True,True,False,False,False,True,True,True,True,True,True,True,True,True,True,True,True,True,True,True,45.793700000000825,44.960399999997236,41.93549999999746,백미밥|유부미소국|돈까스소스|단호박범벅|오이피클,백미밥|열무된장국|소불고기|시금치나물|파프리카피클,백미밥|시금치된장국|소고기버섯볶음|새송이버섯볶음|저염물김치,both_pass,both_pass
R088,2_난도높음,175,남,67.4,menu,빡빡함,2,너비아니구이,True,True,True,True,True,True,True,True,True,False,False,False,True,True,True,True,True,True,True,True,True,True,True,True,True,True,True,52.2517000000029,39.86699999999743,45.176100000002606,백미밥|북엇국|너비아니구이|호박잎나물|오이피클,백미밥|실파달걀국|너비아니구이|한식잡채|비트무피클,백미밥|북엇국|너비아니구이|가지나물|오이피클,both_pass,both_pass
R089,2_난도높음,165,남,59.9,ingredient,빡빡함,2,무지개떡,True,True,True,True,True,True,True,True,True,False,False,False,True,True,True,True,True,True,True,True,True,True,True,True,True,True,True,48.764500000000766,40.39430000000266,43.78930000000025,백미밥|북어채뭇국|무지개떡|양배추나물|취나물무침,백미밥|감자맑은국|무지개떡|닭볶음탕|새송이피클,백미밥|시래기된장국|무지개떡|주꾸미볶음|저염물김치|딸기,both_pass,both_pass
R090,2_난도높음,179,남,70.5,random,빡빡함,2,,True,True,True,True,True,True,True,True,True,False,False,False,True,True,True,True,True,True,True,True,True,True,True,True,True,True,True,45.69359999999989,67.3828000000043,41.64039999999858,백미밥|우렁된장찌개|차돌박이숙주볶음|시금치나물|저염오이김치,백미밥|사김포강된장찌개|섭산적|미니새송이버섯볶음|비트무피클,백미밥|우렁된장찌개|차돌박이숙주볶음|양배추나물|오이피클,both_pass,both_pass
R091,2_난도높음,146,남,46.9,random,보통,3,,True,True,True,True,True,True,True,True,True,False,False,False,True,True,True,True,True,True,True,True,True,True,True,True,True,True,True,44.93219999999809,44.04170000000107,42.18999999999795,백미밥|홍합살뭇국|베이컨스크램블에그|청경채나물|저염물김치,백미밥|홍합살뭇국|베이컨스크램블에그|청경채나물|저염물김치,백미밥|홍합살뭇국|베이컨스크램블에그|청경채나물|저염물김치,both_pass,both_pass
R092,2_난도높음,149,남,48.8,ingredient,보통,3,바나나,True,True,True,True,True,True,True,True,True,False,False,False,True,True,True,True,True,True,True,True,True,True,True,True,True,True,True,43.61730000000108,38.732500000001835,38.81930000000011,백미밥|달걀실파국|바나나|고구마순나물|비트무피클,백미밥|시래기된장국|바나나|닭볶음탕|저염물김치,백미밥|콩나물냉국|바나나|쑥갓두부무침|저염오이김치,both_pass,both_pass
R093,2_난도높음,152,남,50.8,random,보통,3,,True,True,True,True,True,True,True,True,True,False,False,False,True,True,True,True,True,True,True,True,True,True,True,True,True,True,True,40.73670000000362,42.84389999999405,46.81599999999975,백미밥|유부미소국|떡갈비구이|과일샐러드|저염물김치,백미밥|유부미소국|생선가스타르타르소스|과일샐러드|저염물김치,백미밥|유부미소국|떡갈비구이|과일샐러드|저염물김치,both_pass,both_pass
R094,2_난도높음,155,남,52.9,ingredient,보통,3,배,True,True,True,True,True,True,True,True,True,False,False,False,True,True,True,True,True,True,True,True,True,True,True,True,True,True,True,39.34370000000342,40.392199999999434,38.445700000004024,백미밥|맑은콩나물국|안동찜닭|양배추콘샐러드|저염오이김치,백미밥|시래기된장국|닭볶음탕|양배추콘샐러드|비트무피클,백미밥|달걀파국|안동찜닭|양배추콘샐러드|저염오이김치,both_pass,both_pass
R095,2_난도높음,157,남,54.2,random,보통,3,,True,True,True,True,True,True,True,True,True,False,False,False,True,True,True,True,True,True,True,True,True,True,True,True,True,True,True,43.90089999999702,43.63980000000112,41.65619999999848,백미밥|달걀팟국|돈채피망볶음|청경채나물|저염물김치,백미밥|시래기된장국|돈채피망볶음|애호박베이컨볶음|저염물김치,백미밥|시래기된장국|돈채피망볶음|호박잎나물|저염물김치,both_pass,both_pass
R096,2_난도높음,146,남,46.9,ingredient,보통,3,복숭아,True,True,True,True,True,True,True,True,True,False,False,False,True,True,True,True,True,True,True,True,True,True,True,True,True,True,True,39.90860000000396,42.134599999997135,40.30600000000106,백미밥|배추된장국|복숭아|닭볶음탕|비트무피클,백미밥|배추된장국|복숭아|닭볶음탕|비트무피클,백미밥|배추된장국|복숭아|닭볶음탕|비트무피클,both_pass,both_pass
R097,2_난도높음,149,남,48.8,random,보통,3,,True,True,True,True,True,True,True,True,True,False,False,False,True,True,True,True,True,True,True,True,True,True,True,True,True,True,True,40.23199999999605,39.53459999999609,47.372699999996826,백미밥|근대된장국|참치채소볶음|브로콜리무침|저염오이김치,백미밥|소고기뭇국|참치채소볶음|브로콜리무침|저염오이김치,백미밥|들깨미역국|돈갈비찜|가지나물|오이피클,both_pass,both_pass
R098,2_난도높음,152,남,50.8,ingredient,보통,3,백설기,True,True,True,True,True,True,True,True,True,False,False,False,True,True,True,True,True,True,True,True,True,True,True,True,True,True,True,39.80089999999592,41.54940000000096,39.570900000001075,백미밥|시래기된장국|백설기|오징어볶음|저염오이김치,백미밥|육개장|백설기|시금치나물|새송이피클,백미밥|시래기된장국|백설기|쑥갓두부무침|저염오이김치,both_pass,both_pass
R099,2_난도높음,155,남,52.9,random,보통,3,,True,True,True,True,True,True,True,True,True,False,False,False,True,True,True,True,True,True,True,True,True,True,True,True,True,True,True,46.153599999996686,42.529000000001815,40.56340000000347,백미밥|크림스프|치킨까스소스|비트무초절임|비트무피클,백미밥|북어채뭇국|스크램블에그|깻잎순나물|저염물김치,백미밥|북어채뭇국|스크램블에그|고사리나물|저염물김치,both_pass,both_pass
R100,2_난도높음,157,남,54.2,ingredient,보통,3,결명자차,True,True,True,True,True,True,True,True,True,False,False,False,True,True,True,True,True,True,True,True,True,True,True,True,True,True,True,41.70269999999476,42.963799999995445,39.55330000000146,백미밥|북엇국|결명자차|시금치나물|저염물김치,백미밥|유부미소국|결명자차|닭볶음탕|비트무피클,백미밥|유부미소국|결명자차|닭볶음탕|비트무피클,both_pass,both_pass
R101,3_경계조건,146,남,46.9,menu,매우빡빡함,1,늙은호박조림,True,True,True,True,True,True,True,True,True,False,False,False,True,True,True,True,True,True,True,True,True,True,True,True,True,True,True,40.93869999999811,38.342799999995236,38.26630000000364,백미밥|맑은콩나물국|달걀장조림|늙은호박조림|저염물김치,백미밥|콩비지백탕|두부달걀구이|늙은호박조림|저염오이김치,백미밥|콩비지백탕|두부달걀구이|늙은호박조림|저염오이김치,both_pass,both_pass
R102,3_경계조건,149,남,48.8,ingredient,매우빡빡함,1,두유,True,True,True,True,True,True,True,True,True,False,False,False,True,True,True,True,True,True,True,True,True,True,True,True,True,True,True,38.95820000000327,38.73249999999473,38.73660000000001,백미밥|토란국|두유|새송이버섯볶음|저염오이김치,백미밥|북엇국|두유|새송이버섯볶음|새송이피클,백미밥|북엇국|두유|연두부새싹채소샐러드|새송이피클,both_pass,both_pass
R103,3_경계조건,152,남,50.8,random,매우빡빡함,1,,True,True,True,True,True,True,True,True,True,False,False,False,True,True,True,True,True,True,True,True,True,True,True,True,True,True,True,46.38740000000041,40.77209999999809,39.51229999999839,백미밥|배추된장국|돈육고추잡채꽃빵|시금치나물|저염물김치,백미밥|콩나물국|참치채소볶음|얼갈이나물|파프리카피클,백미밥|시래기된장국|참치채소볶음|얼갈이나물|파프리카피클,both_pass,both_pass
R104,3_경계조건,155,남,52.9,menu,매우빡빡함,1,닭갈비,True,True,True,True,True,True,True,True,True,False,False,False,True,True,True,True,True,True,True,True,True,True,True,True,True,True,True,39.26500000000033,41.17270000000417,39.60730000000012,백미밥|북어채뭇국|닭갈비|청포묵무침|양배추나물,백미밥|동태쑥갓국|닭갈비|청포묵무침|파프리카피클,백미밥|동태쑥갓국|닭갈비|청포묵무침|새송이피클,both_pass,both_pass
R105,3_경계조건,157,남,54.2,ingredient,매우빡빡함,1,녹차,True,True,True,True,True,True,True,True,True,False,False,False,True,True,True,True,True,True,True,True,True,True,True,True,True,True,True,37.121400000003746,38.90930000000026,41.97080000000142,백미밥|황태채뭇국|녹차|가지나물|비트무피클,백미밥|황태채뭇국|녹차|가지나물|비트무피클,백미밥|황태채뭇국|녹차|가지나물|파프리카피클,both_pass,both_pass
R106,3_경계조건,146,남,46.9,random,매우빡빡함,1,,True,True,True,True,True,True,True,True,True,False,False,False,True,True,True,True,True,True,True,True,True,True,True,True,True,True,True,43.05920000000185,40.07289999999841,42.424999999994384,백미밥|다시마감자국|소고기우엉볶음|연두부새싹채소샐러드|저염오이김치,백미밥|다시마감자국|소고기우엉볶음|연두부새싹채소샐러드|오이피클,백미밥|근대된장국|비엔나케찹조림|브로콜리숙회초고추장|저염오이김치,both_pass,both_pass
R107,3_경계조건,149,남,48.8,menu,매우빡빡함,1,돈갈비찜,True,True,True,True,True,True,True,True,True,False,False,False,True,True,True,True,True,True,True,True,True,True,True,True,True,True,True,38.09290000000232,37.387700000003576,38.68219999999667,백미밥|오이미역냉국|돈갈비찜|청포묵무침|비트무피클,백미밥|양송이들깨탕|돈갈비찜|청포묵무침|저염물김치,백미밥|시래기된장국|돈갈비찜|청포묵무침|오이피클,both_pass,both_pass
R108,3_경계조건,152,남,50.8,ingredient,매우빡빡함,1,햄,True,True,True,True,True,True,True,True,True,False,False,False,True,True,True,True,True,True,True,True,True,True,True,True,True,True,True,46.31469999999638,42.2258000000042,62.45049999999708,백미밥|부대찌개|숙주나물|시래기된장나물|고사리나물,백미밥|부대찌개|너비아니구이|곤드레나물|파프리카피클,백미밥|부대찌개|너비아니구이|청포묵무침|저염오이김치,both_pass,both_pass
R109,3_경계조건,155,남,52.9,random,매우빡빡함,1,,True,True,True,True,True,True,True,True,True,False,False,False,True,True,True,True,True,True,True,True,True,True,True,True,True,True,True,40.49219999999565,41.98209999999847,40.642800000000534,백미밥|물만둣국|적어조림|무채볶음|새송이피클,백미밥|물만둣국|참치채소볶음|감자채볶음|오이피클,백미밥|달걀실파국|너비아니구이|시금치나물|비트무피클,both_pass,both_pass
R110,3_경계조건,157,남,54.2,menu,매우빡빡함,1,동태무조림,True,True,True,True,True,True,True,True,True,False,False,False,True,True,True,True,True,True,True,True,True,True,True,True,True,True,True,47.02620000000479,47.50150000000275,57.78150000000437,백미밥|시금치된장국|동태무조림|올방개묵무침|저염오이김치,백미밥|콩비지백탕|동태무조림|비름나물|저염오이김치,백미밥|맑은콩나물국|동태무조림|올방개묵무침|비트무피클,both_pass,both_pass
R111,3_경계조건,181,남,72.1,ingredient,매우빡빡함,1,매실,True,True,True,True,True,True,True,True,True,False,False,False,True,True,True,True,True,True,True,True,True,True,True,True,True,True,True,48.81389999999897,42.33769999999737,41.070300000001225,백미밥|육개장|삼치구이|양념깻잎지|오이피클,백미밥|배추된장국|닭볶음탕|양념깻잎지|비트무피클,백미밥|맑은콩나물국|미트볼조림|양념깻잎지|오이피클,both_pass,both_pass
R112,3_경계조건,183,남,73.7,random,매우빡빡함,1,,True,True,False,True,True,False,True,True,True,False,False,False,True,True,True,True,True,False,True,True,True,True,True,True,True,True,True,59.83489999999847,67.64170000000291,127.63999999999953,백미밥|잔치국수|낙지채소볶음|과일샐러드|비트무피클,백미밥|쇠고기무국|돈갈비찜|부추양파무침|저염물김치,백미밥|쑥갓어묵국|두부달걀구이|새송이버섯볶음|새송이피클,BASE성공_상대실패,BASE성공_상대실패
R113,3_경계조건,185,남,75.3,menu,매우빡빡함,1,두부구이,False,True,True,False,True,True,True,True,True,False,False,False,True,True,True,False,True,True,True,True,True,True,True,True,True,True,True,212.32470000000347,43.56070000000045,40.28029999999916,백미밥|바지락살맑은국|훈제오리채소무침|두부구이|가지나물,백미밥|들깨무챗국|소고기당면볶음|두부구이|부추양파무침,백미밥|들깨무챗국|오리불고기|두부구이|부추양파무침,BASE실패_상대성공,both_pass
R114,3_경계조건,187,남,76.9,ingredient,매우빡빡함,1,멜론,True,True,True,True,True,True,True,True,True,False,False,False,True,True,True,True,True,True,True,True,True,True,True,True,True,True,True,84.951199999999,162.3565999999954,88.36240000000117,백미밥|아욱된장국|메론|닭볶음탕|저염오이김치,백미밥|아욱된장국|메론|닭볶음탕|저염오이김치|쑥떡,백미밥|우거지된장국|메론|닭볶음탕|저염오이김치|증편,both_pass,both_pass
R115,3_경계조건,190,남,79.4,random,매우빡빡함,1,,True,True,True,True,True,True,True,True,True,False,False,False,True,True,True,True,True,True,True,True,True,True,True,True,True,True,True,93.66679999999405,86.00429999999903,90.48239999999907,백미밥|맑은콩나물국|닭볶음탕|청포묵무침|저염물김치,백미밥|양배추된장국|닭살감자조림|참나물무침|저염오이김치,백미밥|양배추된장국|닭살감자조림|미니새송이버섯볶음|저염물김치,both_pass,both_pass
R116,3_경계조건,181,남,72.1,menu,매우빡빡함,1,떡갈비구이,True,True,True,True,True,True,True,True,True,False,False,False,True,True,True,True,True,True,True,True,True,True,True,True,True,True,True,42.23830000000106,41.638900000002366,39.06980000000004,백미밥|소고기뭇국|떡갈비구이|쑥갓두부무침|파프리카피클,백미밥|우렁된장찌개|떡갈비구이|달걀후라이|브로콜리숙회초고추장,백미밥|소고기뭇국|떡갈비구이|쑥갓두부무침|저염오이김치,both_pass,both_pass
R117,3_경계조건,183,남,73.7,ingredient,매우빡빡함,1,땅콩샌드,True,True,True,True,True,True,False,False,False,False,False,False,True,True,True,True,True,True,True,True,True,True,True,True,True,True,True,174.50589999999977,43.85810000000134,38.010200000002214,백미밥|소고기뭇국|닭볶음탕|새송이피클|꽈베기,백미밥|소고기뭇국|해물파전|가지나물,백미밥|닭칼국수|오징어볶음|저염물김치,both_pass,both_pass
R118,3_경계조건,185,남,75.3,random,매우빡빡함,1,,True,True,True,True,True,True,True,True,True,False,False,False,True,True,True,True,True,True,True,True,True,True,True,True,True,True,True,94.30210000000017,56.02119999999644,66.96500000000327,백미밥|소고기뭇국|미트볼조림|숙주나물|저염물김치,짜장밥|달걀실파국|너비아니구이|짜사이채무침|저염물김치,백미밥|청국장찌개|너비아니구이|감자채피망볶음|비트무피클,both_pass,both_pass
R119,3_경계조건,187,남,76.9,menu,매우빡빡함,1,맛살브로콜리볶음,False,True,True,False,True,True,True,True,True,False,False,False,True,True,True,False,True,True,True,True,True,True,True,True,True,True,True,182.57279999999554,50.25020000000069,44.64060000000103,백미밥|열무된장국|미트볼토마토소스조림|맛살브로콜리볶음|파프리카피클|연양갱,백미밥|소고기뭇국|닭살굴소스조림|맛살브로콜리볶음|저염물김치,백미밥|닭곰탕|동태전양념장|맛살브로콜리볶음|오이피클|양갱,BASE실패_상대성공,both_pass
R120,3_경계조건,190,남,79.4,ingredient,매우빡빡함,1,꽃게,True,True,False,True,True,False,True,True,True,False,False,False,True,True,False,True,True,True,True,True,True,True,True,True,True,True,True,61.5613999999951,83.58889999999519,384.848599999998,백미밥|꽃게탕|돼지고기간장구이|모듬쌈쌈장|저염오이김치,백미밥|꽃게탕|너비아니구이|가지볶음|저염오이김치,백미밥|꽃게탕|쇠고기장조림|양배추나물|비트무피클,BASE성공_상대실패,BASE성공_상대실패
