sid,tier,height,sex,weight,mode,cum_state,meals_left,day_context,anchor_or_ing_input,desc,success_ok,all5_nutrient_pass,unrealistic,anchor_preserved,열량_pass,단백질_pass,칼륨_pass,인_pass,나트륨_pass,final_menus,elapsed_ms,error,model
R001,1_일반,146,남,46.9,random,여유,3,False,,"일반조건: 키146cm/남(표준체중46.9kg,H145-157), random모드, meals_left=3(여유)",True,True,False,True,True,True,True,True,True,백미밥|오이냉국|닭볶음탕|새송이버섯볶음|저염오이김치,74.48949999999854,,RL_기존(i002)
R002,1_일반,149,여,46.6,random,보통,2,True,,"일반조건: 키149cm/여(표준체중46.6kg,H145-157), random모드, meals_left=2(보통)",True,True,False,True,True,True,True,True,True,백미밥|근대된장국|돈육바베큐소스볶음|양배추나물|비트무피클,39.06109999999963,,RL_기존(i002)
R003,1_일반,152,남,50.8,random,여유,3,False,,"일반조건: 키152cm/남(표준체중50.8kg,H145-157), random모드, meals_left=3(여유)",True,True,False,True,True,True,True,True,True,백미밥|홍합살뭇국|돈갈비찜|청포묵무침|비트무피클,48.12979999999989,,RL_기존(i002)
R004,1_일반,155,여,50.5,random,보통,2,True,,"일반조건: 키155cm/여(표준체중50.5kg,H145-157), random모드, meals_left=2(보통)",True,True,False,True,True,True,True,True,True,백미밥|무채된장국|적어구이|과일샐러드|비트무피클,40.11660000000106,,RL_기존(i002)
R005,1_일반,157,남,54.2,random,여유,3,False,,"일반조건: 키157cm/남(표준체중54.2kg,H145-157), random모드, meals_left=3(여유)",True,True,False,True,True,True,True,True,True,백미밥|쑥갓어묵국|동태전양념장|어향가지볶음|저염물김치,45.58749999999989,,RL_기존(i002)
R006,1_일반,146,남,46.9,menu,여유,3,False,가지튀김양념장,"일반조건: 키146cm/남(표준체중46.9kg,H145-157), menu모드, meals_left=3(여유)",True,True,False,True,True,True,True,True,True,백미밥|배추된장국|임연수구이|가지튀김양념장|저염오이김치,40.22539999999886,,RL_기존(i002)
R007,1_일반,149,여,46.6,menu,보통,2,True,감자고추장조림,"일반조건: 키149cm/여(표준체중46.6kg,H145-157), menu모드, meals_left=2(보통)",True,True,False,True,True,True,True,True,True,백미밥|근대된장국|돈갈비찜|감자고추장조림|파프리카피클,45.79450000000129,,RL_기존(i002)
R008,1_일반,152,남,50.8,menu,여유,3,False,고추잡채꽃빵,"일반조건: 키152cm/남(표준체중50.8kg,H145-157), menu모드, meals_left=3(여유)",True,True,False,True,True,True,True,True,True,백미밥|얼갈이된장국|고추잡채꽃빵|적어구이|비트무피클,43.584000000000955,,RL_기존(i002)
R009,1_일반,155,여,50.5,menu,보통,2,True,김달걀말이,"일반조건: 키155cm/여(표준체중50.5kg,H145-157), menu모드, meals_left=2(보통)",True,True,False,True,True,True,True,True,True,백미밥|수제비국|김달걀말이|시금치나물|저염물김치,42.19829999999902,,RL_기존(i002)
R010,1_일반,157,남,54.2,menu,여유,3,False,너비아니구이,"일반조건: 키157cm/남(표준체중54.2kg,H145-157), menu모드, meals_left=3(여유)",True,True,False,True,True,True,True,True,True,백미밥|감자양파국|너비아니구이|쑥갓두부무침|저염오이김치,42.13880000000003,,RL_기존(i002)
R011,1_일반,146,남,46.9,ingredient,여유,3,False,꽃게,"일반조건: 키146cm/남(표준체중46.9kg,H145-157), ingredient모드, meals_left=3(여유)",False,True,True,True,True,True,True,True,True,백미밥|꽃게탕|훈제오리채소무침|치커리유자무침|저염오이김치,253.09120000000007,,RL_기존(i002)
R012,1_일반,149,여,46.6,ingredient,보통,2,True,동치미,"일반조건: 키149cm/여(표준체중46.6kg,H145-157), ingredient모드, meals_left=2(보통)",True,True,False,True,True,True,True,True,True,백미밥|잔치국수|고등어구이|감자채당근볶음|동치미국물,41.97319999999927,,RL_기존(i002)
R013,1_일반,152,남,50.8,ingredient,여유,3,False,오렌지,"일반조건: 키152cm/남(표준체중50.8kg,H145-157), ingredient모드, meals_left=3(여유)",True,True,False,True,True,True,True,True,True,백미밥|양배추된장국|오렌지|닭볶음탕|파프리카피클,41.405599999999154,,RL_기존(i002)
R014,1_일반,155,여,50.5,ingredient,보통,2,True,귤,"일반조건: 키155cm/여(표준체중50.5kg,H145-157), ingredient모드, meals_left=2(보통)",True,True,False,True,True,True,True,True,True,백미밥|달걀실파국|마파두부|과일야채샐러드|파프리카피클,47.822700000001106,,RL_기존(i002)
R015,1_일반,157,남,54.2,ingredient,여유,3,False,깍두기,"일반조건: 키157cm/남(표준체중54.2kg,H145-157), ingredient모드, meals_left=3(여유)",True,True,False,False,True,True,True,True,True,백미밥|맑은콩나물국|닭갈비|깻잎순나물|저염오이김치,38.66160000000107,,RL_기존(i002)
R016,1_일반,159,여,53.1,random,여유,3,False,,"일반조건: 키159cm/여(표준체중53.1kg,H158-167), random모드, meals_left=3(여유)",True,True,False,True,True,True,True,True,True,백미밥|호박된장국|닭볶음탕|표고버섯볶음|저염오이김치,41.18549999999921,,RL_기존(i002)
R017,1_일반,161,남,57.0,random,보통,2,True,,"일반조건: 키161cm/남(표준체중57.0kg,H158-167), random모드, meals_left=2(보통)",True,True,False,True,True,True,True,True,True,백미밥|시래기된장국|제육불고기|가지나물|새송이피클,46.80420000000041,,RL_기존(i002)
R018,1_일반,163,여,55.8,random,여유,3,False,,"일반조건: 키163cm/여(표준체중55.8kg,H158-167), random모드, meals_left=3(여유)",True,True,False,True,True,True,True,True,True,백미밥|미소장국|돈갈비찜|도토리묵무침|저염오이김치,42.39699999999935,,RL_기존(i002)
R019,1_일반,165,남,59.9,random,보통,2,True,,"일반조건: 키165cm/남(표준체중59.9kg,H158-167), random모드, meals_left=2(보통)",True,True,False,True,True,True,True,True,True,백미밥|맑은콩나물국|닭살고구마조림|양념깻잎지|오이피클,44.9193999999995,,RL_기존(i002)
R020,1_일반,167,여,58.6,random,여유,3,False,,"일반조건: 키167cm/여(표준체중58.6kg,H158-167), random모드, meals_left=3(여유)",True,True,False,True,True,True,True,True,True,백미밥|북엇국|쇠고기당면볶음|깻잎순나물|저염오이김치,38.99610000000031,,RL_기존(i002)
R021,1_일반,159,여,53.1,menu,여유,3,False,늙은호박조림,"일반조건: 키159cm/여(표준체중53.1kg,H158-167), menu모드, meals_left=3(여유)",True,True,False,True,True,True,True,True,True,백미밥|감자양파국|마파두부|늙은호박조림|저염오이김치,37.85640000000079,,RL_기존(i002)
R022,1_일반,161,남,57.0,menu,보통,2,True,닭갈비,"일반조건: 키161cm/남(표준체중57.0kg,H158-167), menu모드, meals_left=2(보통)",True,True,False,True,True,True,True,True,True,백미밥|감자양파국|닭갈비|청포묵무침|저염물김치,40.586500000001635,,RL_기존(i002)
R023,1_일반,163,여,55.8,menu,여유,3,False,돈갈비찜,"일반조건: 키163cm/여(표준체중55.8kg,H158-167), menu모드, meals_left=3(여유)",True,True,False,True,True,True,True,True,True,백미밥|황태미역국|돈갈비찜|청포묵무침|파프리카피클,43.97059999999975,,RL_기존(i002)
R024,1_일반,165,남,59.9,menu,보통,2,True,동태무조림,"일반조건: 키165cm/남(표준체중59.9kg,H158-167), menu모드, meals_left=2(보통)",True,True,False,True,True,True,True,True,True,백미밥|크림스프|동태무조림|어향가지볶음|파프리카피클,114.3257000000002,,RL_기존(i002)
R025,1_일반,167,여,58.6,menu,여유,3,False,두부구이,"일반조건: 키167cm/여(표준체중58.6kg,H158-167), menu모드, meals_left=3(여유)",True,True,False,True,True,True,True,True,True,백미밥|호박잎된장국|오리불고기|두부구이|가지나물,43.47480000000026,,RL_기존(i002)
R026,1_일반,159,여,53.1,ingredient,여유,3,False,무지개떡,"일반조건: 키159cm/여(표준체중53.1kg,H158-167), ingredient모드, meals_left=3(여유)",True,True,False,True,True,True,True,True,True,백미밥|육개장|무지개떡|참나물무침|저염오이김치,44.89000000000054,,RL_기존(i002)
R027,1_일반,161,남,57.0,ingredient,보통,2,True,바나나,"일반조건: 키161cm/남(표준체중57.0kg,H158-167), ingredient모드, meals_left=2(보통)",True,True,False,True,True,True,True,True,True,백미밥|유부맑은국|바나나|닭볶음탕|오이피클,39.716900000000166,,RL_기존(i002)
R028,1_일반,163,여,55.8,ingredient,여유,3,False,배,"일반조건: 키163cm/여(표준체중55.8kg,H158-167), ingredient모드, meals_left=3(여유)",True,True,False,True,True,True,True,True,True,백미밥|콩비지찌개|닭살굴소스조림|쑥갓나물|저염오이김치,38.60429999999937,,RL_기존(i002)
R029,1_일반,165,남,59.9,ingredient,보통,2,True,복숭아,"일반조건: 키165cm/남(표준체중59.9kg,H158-167), ingredient모드, meals_left=2(보통)",True,True,False,True,True,True,True,True,True,백미밥|육개장|복숭아|고사리나물|저염물김치,40.92709999999933,,RL_기존(i002)
R030,1_일반,167,여,58.6,ingredient,여유,3,False,백설기,"일반조건: 키167cm/여(표준체중58.6kg,H158-167), ingredient모드, meals_left=3(여유)",True,True,False,True,True,True,True,True,True,백미밥|열무된장국|백설기|닭볶음탕|저염오이김치,43.04010000000069,,RL_기존(i002)
R031,1_일반,169,남,62.8,random,여유,3,False,,"일반조건: 키169cm/남(표준체중62.8kg,H168-179), random모드, meals_left=3(여유)",True,True,False,True,True,True,True,True,True,백미밥|순두부찌개|돈사태찜|고사리나물|저염오이김치,41.51290000000074,,RL_기존(i002)
R032,1_일반,172,여,62.1,random,보통,2,True,,"일반조건: 키172cm/여(표준체중62.1kg,H168-179), random모드, meals_left=2(보통)",True,True,False,True,True,True,True,True,True,백미밥|콩나물국|쇠고기팽이버섯볶음|부추양파무침|비트무피클,41.199199999999436,,RL_기존(i002)
R033,1_일반,175,남,67.4,random,여유,3,False,,"일반조건: 키175cm/남(표준체중67.4kg,H168-179), random모드, meals_left=3(여유)",True,True,False,True,True,True,True,True,True,백미밥|육개장|오징어볶음|닭볶음탕|저염오이김치,42.041700000000404,,RL_기존(i002)
R034,1_일반,177,여,65.8,random,보통,2,True,,"일반조건: 키177cm/여(표준체중65.8kg,H168-179), random모드, meals_left=2(보통)",True,True,False,True,True,True,True,True,True,백미밥|설렁탕|고등어데리야끼구이|감자조림|비트무피클,40.049599999999685,,RL_기존(i002)
R035,1_일반,179,남,70.5,random,여유,3,False,,"일반조건: 키179cm/남(표준체중70.5kg,H168-179), random모드, meals_left=3(여유)",True,True,False,True,True,True,True,True,True,백미밥|양배추된장국|닭살감자조림|청경채나물|저염물김치,48.141299999999276,,RL_기존(i002)
R036,1_일반,169,남,62.8,menu,여유,3,False,떡갈비구이,"일반조건: 키169cm/남(표준체중62.8kg,H168-179), menu모드, meals_left=3(여유)",True,True,False,True,True,True,True,True,True,백미밥|돈등뼈감자탕|떡갈비구이|가지나물|비트무피클,41.74669999999914,,RL_기존(i002)
R037,1_일반,172,여,62.1,menu,보통,2,True,맛살브로콜리볶음,"일반조건: 키172cm/여(표준체중62.1kg,H168-179), menu모드, meals_left=2(보통)",True,True,False,True,True,True,True,True,True,백미밥|시래기된장국|오리불고기|맛살브로콜리볶음|비트무피클,38.1178000000002,,RL_기존(i002)
R038,1_일반,175,남,67.4,menu,여유,3,False,미트볼조림,"일반조건: 키175cm/남(표준체중67.4kg,H168-179), menu모드, meals_left=3(여유)",True,True,False,True,True,True,True,True,True,백미밥|소고기뭇국|미트볼조림|숙주나물|저염오이김치,38.12519999999964,,RL_기존(i002)
R039,1_일반,177,여,65.8,menu,보통,2,True,브로콜리볶음,"일반조건: 키177cm/여(표준체중65.8kg,H168-179), menu모드, meals_left=2(보통)",True,True,False,True,True,True,True,True,True,백미밥|콩비지백탕|쇠고기장조림|브로콜리볶음|저염오이김치,40.43479999999988,,RL_기존(i002)
R040,1_일반,179,남,70.5,menu,여유,3,False,비엔나소시지볶음,"일반조건: 키179cm/남(표준체중70.5kg,H168-179), menu모드, meals_left=3(여유)",True,True,False,True,True,True,True,True,True,백미밥|닭곰탕|비엔나소시지볶음|시래기된장나물|저염물김치,62.00639999999957,,RL_기존(i002)
R041,1_일반,169,남,62.8,ingredient,여유,3,False,결명자차,"일반조건: 키169cm/남(표준체중62.8kg,H168-179), ingredient모드, meals_left=3(여유)",True,True,False,True,True,True,True,True,True,백미밥|육개장|결명자차|닭볶음탕|저염오이김치,38.91190000000044,,RL_기존(i002)
R042,1_일반,172,여,62.1,ingredient,보통,2,True,두유,"일반조건: 키172cm/여(표준체중62.1kg,H168-179), ingredient모드, meals_left=2(보통)",True,True,False,True,True,True,True,True,True,백미밥|닭곰탕|두유|주키니호박볶음|새송이피클,41.284499999999724,,RL_기존(i002)
R043,1_일반,175,남,67.4,ingredient,여유,3,False,녹차,"일반조건: 키175cm/남(표준체중67.4kg,H168-179), ingredient모드, meals_left=3(여유)",True,True,False,True,True,True,True,True,True,백미밥|콩나물국|녹차|닭볶음탕|새송이피클,51.69090000000054,,RL_기존(i002)
R044,1_일반,177,여,65.8,ingredient,보통,2,True,햄,"일반조건: 키177cm/여(표준체중65.8kg,H168-179), ingredient모드, meals_left=2(보통)",True,True,False,True,True,True,True,True,True,백미밥|뼈해장국|햄맛살튀김|어향가지볶음|파프리카피클,51.56179999999999,,RL_기존(i002)
R045,1_일반,179,남,70.5,ingredient,여유,3,False,매실,"일반조건: 키179cm/남(표준체중70.5kg,H168-179), ingredient모드, meals_left=3(여유)",True,True,False,True,True,True,True,True,True,백미밥|소고기뭇국|매실차|닭볶음탕|파프리카피클,46.91150000000022,,RL_기존(i002)
R046,1_일반,181,여,68.8,random,여유,3,False,,"일반조건: 키181cm/여(표준체중68.8kg,H180-190), random모드, meals_left=3(여유)",True,True,False,True,True,True,True,True,True,백미밥|시래기된장국|닭볶음탕|도토리묵무침|저염물김치,40.86410000000029,,RL_기존(i002)
R047,1_일반,183,남,73.7,random,보통,2,True,,"일반조건: 키183cm/남(표준체중73.7kg,H180-190), random모드, meals_left=2(보통)",True,True,False,True,True,True,True,True,True,백미밥|잔치국수|닭볶음탕|오이무침|오이피클,46.97230000000019,,RL_기존(i002)
R048,1_일반,185,여,71.9,random,여유,3,False,,"일반조건: 키185cm/여(표준체중71.9kg,H180-190), random모드, meals_left=3(여유)",True,True,False,True,True,True,True,True,True,백미밥|시래기된장국|낙지볶음|콩나물무침|파프리카피클|연양갱,62.20399999999948,,RL_기존(i002)
R049,1_일반,187,남,76.9,random,보통,2,True,,"일반조건: 키187cm/남(표준체중76.9kg,H180-190), random모드, meals_left=2(보통)",False,False,False,True,True,True,True,False,True,백미밥|유부장국|돈까스소스|양배추샐러드|새송이피클,139.33849999999916,,RL_기존(i002)
R050,1_일반,190,여,75.8,random,여유,3,False,,"일반조건: 키190cm/여(표준체중75.8kg,H180-190), random모드, meals_left=3(여유)",True,True,False,True,True,True,True,True,True,백미밥|설렁탕|돈까스소스|양배추샐러드|브로콜리숙회초고추장,75.04860000000235,,RL_기존(i002)
R051,1_일반,181,여,68.8,menu,여유,3,False,삼겹살두루치기,"일반조건: 키181cm/여(표준체중68.8kg,H180-190), menu모드, meals_left=3(여유)",True,True,False,True,True,True,True,True,True,백미밥|달걀실파국|삼겹살두루치기|부추양파무침|저염오이김치,37.950600000002055,,RL_기존(i002)
R052,1_일반,183,남,73.7,menu,보통,2,True,아귀찜,"일반조건: 키183cm/남(표준체중73.7kg,H180-190), menu모드, meals_left=2(보통)",True,True,False,True,True,True,True,True,True,백미밥|시래기된장국|아귀찜|닭볶음탕|저염오이김치,147.51989999999893,,RL_기존(i002)
R053,1_일반,185,여,71.9,menu,여유,3,False,애호박전,"일반조건: 키185cm/여(표준체중71.9kg,H180-190), menu모드, meals_left=3(여유)",True,True,False,True,True,True,True,True,True,백미밥|오이냉국|닭볶음탕|애호박전|비트무피클,43.995999999999924,,RL_기존(i002)
R054,1_일반,187,남,76.9,menu,보통,2,True,연근조림,"일반조건: 키187cm/남(표준체중76.9kg,H180-190), menu모드, meals_left=2(보통)",True,True,False,True,True,True,True,True,True,백미밥|김가루떡국|미트볼조림|연근조림|파프리카피클,45.595699999999795,,RL_기존(i002)
R055,1_일반,190,여,75.8,menu,여유,3,False,옥수수전,"일반조건: 키190cm/여(표준체중75.8kg,H180-190), menu모드, meals_left=3(여유)",False,False,False,True,True,False,True,True,True,백미밥|찐만두초간장|청경채무침|옥수수전|치커리유자무침,137.16690000000042,,RL_기존(i002)
R056,1_일반,181,여,68.8,ingredient,여유,3,False,멜론,"일반조건: 키181cm/여(표준체중68.8kg,H180-190), ingredient모드, meals_left=3(여유)",True,True,False,True,True,True,True,True,True,백미밥|닭칼국수|메론|쑥갓두부무침|저염오이김치,55.762599999997775,,RL_기존(i002)
R057,1_일반,183,남,73.7,ingredient,보통,2,True,땅콩샌드,"일반조건: 키183cm/남(표준체중73.7kg,H180-190), ingredient모드, meals_left=2(보통)",True,True,False,False,True,True,True,True,True,백미밥|우거지된장국|닭볶음탕|저염오이김치,64.3230999999993,,RL_기존(i002)
R058,1_일반,185,여,71.9,ingredient,여유,3,False,꽃게,"일반조건: 키185cm/여(표준체중71.9kg,H180-190), ingredient모드, meals_left=3(여유)",True,True,False,True,True,True,True,True,True,백미밥|꽃게탕|미트볼조림|어향가지볶음|저염오이김치,82.70890000000009,,RL_기존(i002)
R059,1_일반,187,남,76.9,ingredient,보통,2,True,동치미,"일반조건: 키187cm/남(표준체중76.9kg,H180-190), ingredient모드, meals_left=2(보통)",True,True,False,True,True,True,True,True,True,백미밥|육개장|돈육강정|도토리묵무침|동치미국물|연양갱,108.0015000000003,,RL_기존(i002)
R060,1_일반,190,여,75.8,ingredient,여유,3,False,오렌지,"일반조건: 키190cm/여(표준체중75.8kg,H180-190), ingredient모드, meals_left=3(여유)",True,True,False,True,True,True,True,True,True,백미밥|수제비국|과일탕수육|짜사이채무침|파프리카피클,99.47770000000133,,RL_기존(i002)
R061,2_난도높음,181,남,72.1,random,보통,3,False,,"난도높음: 고신장181cm/남(표준체중72.1kg, 최고구간) + 랜덤모드(취약조합, 첫끼)",True,True,False,True,True,True,True,True,True,백미밥|육개장|돈육고추잡채꽃빵|파래무무침|오이피클,97.82060000000214,,RL_기존(i002)
R062,2_난도높음,183,여,70.3,random,보통,3,False,,"난도높음: 고신장183cm/여(표준체중70.3kg, 최고구간) + 랜덤모드(취약조합, 첫끼)",True,True,False,True,True,True,True,True,True,백미밥|김가루떡국|돈갈비찜|청포묵무침|저염물김치,42.69989999999879,,RL_기존(i002)
R063,2_난도높음,185,남,75.3,random,보통,3,False,,"난도높음: 고신장185cm/남(표준체중75.3kg, 최고구간) + 랜덤모드(취약조합, 첫끼)",False,True,True,True,True,True,True,True,True,백미밥|육개장|훈제오리구이|닭볶음탕|저염오이김치,138.0297999999982,,RL_기존(i002)
R064,2_난도높음,187,여,73.4,random,보통,3,False,,"난도높음: 고신장187cm/여(표준체중73.4kg, 최고구간) + 랜덤모드(취약조합, 첫끼)",True,True,False,True,True,True,True,True,True,백미밥|시래기된장국|닭볶음탕|도토리묵무침|비트무피클,45.61640000000011,,RL_기존(i002)
R065,2_난도높음,190,남,79.4,random,보통,3,False,,"난도높음: 고신장190cm/남(표준체중79.4kg, 최고구간) + 랜덤모드(취약조합, 첫끼)",False,False,False,True,True,True,True,False,True,백미밥|육개장|임연수카레구이|새송이버섯볶음|저염물김치,110.2417000000031,,RL_기존(i002)
R066,2_난도높음,181,여,68.8,random,보통,3,False,,"난도높음: 고신장181cm/여(표준체중68.8kg, 최고구간) + 랜덤모드(취약조합, 첫끼)",True,True,False,True,True,True,True,True,True,백미밥|맑은콩나물국|닭볶음탕|고춧잎나물|저염오이김치,49.308100000001076,,RL_기존(i002)
R067,2_난도높음,183,남,73.7,random,보통,3,False,,"난도높음: 고신장183cm/남(표준체중73.7kg, 최고구간) + 랜덤모드(취약조합, 첫끼)",False,True,False,True,True,True,True,True,True,백미밥|소고기미역국|너비아니구이|숙주나물|저염오이김치,127.28859999999997,,RL_기존(i002)
R068,2_난도높음,185,여,71.9,random,보통,3,False,,"난도높음: 고신장185cm/여(표준체중71.9kg, 최고구간) + 랜덤모드(취약조합, 첫끼)",True,True,False,True,True,True,True,True,True,백미밥|닭곰탕|동태전양념장|감자조림|비트무피클,66.13130000000211,,RL_기존(i002)
R069,2_난도높음,187,남,76.9,random,보통,3,False,,"난도높음: 고신장187cm/남(표준체중76.9kg, 최고구간) + 랜덤모드(취약조합, 첫끼)",False,False,False,True,True,True,True,False,True,백미밥|맑은콩나물국|가자미카레구이|숙주나물|저염오이김치,113.45109999999892,,RL_기존(i002)
R070,2_난도높음,190,여,75.8,random,보통,3,False,,"난도높음: 고신장190cm/여(표준체중75.8kg, 최고구간) + 랜덤모드(취약조합, 첫끼)",True,True,False,True,True,True,True,True,True,백미밥|시래기된장국|제육볶음|닭볶음탕|파프리카피클,84.39160000000001,,RL_기존(i002)
R071,2_난도높음,181,여,68.8,menu,보통,3,False,임연수구이,"난도높음: 고신장181cm/여(표준체중68.8kg) + 메뉴지정=""임연수구이""(신규앵커, 첫끼)",False,False,False,True,True,True,True,False,True,백미밥|시래기된장국|임연수구이|표고버섯볶음|오이피클,107.89639999999778,,RL_기존(i002)
R072,2_난도높음,183,남,73.7,menu,보통,3,False,한식잡채,"난도높음: 고신장183cm/남(표준체중73.7kg) + 메뉴지정=""한식잡채""(신규앵커, 첫끼)",True,True,False,True,True,True,True,True,True,백미밥|시래기된장국|닭볶음탕|한식잡채|오이피클,54.92319999999751,,RL_기존(i002)
R073,2_난도높음,185,여,71.9,menu,보통,3,False,치즈달걀말이,"난도높음: 고신장185cm/여(표준체중71.9kg) + 메뉴지정=""치즈달걀말이""(신규앵커, 첫끼)",False,False,False,True,True,True,True,False,True,백미밥|잔치국수|치즈달걀말이|브로콜리맛살볶음|새송이피클,162.03379999999967,,RL_기존(i002)
R074,2_난도높음,187,남,76.9,menu,보통,3,False,코다리강정,"난도높음: 고신장187cm/남(표준체중76.9kg) + 메뉴지정=""코다리강정""(신규앵커, 첫끼)",True,True,False,True,True,True,True,True,True,백미밥|콩나물국|코다리강정|새송이버섯볶음|저염오이김치,125.14580000000208,,RL_기존(i002)
R075,2_난도높음,190,여,75.8,menu,보통,3,False,표고버섯볶음,"난도높음: 고신장190cm/여(표준체중75.8kg) + 메뉴지정=""표고버섯볶음""(신규앵커, 첫끼)",False,True,False,True,True,True,True,True,True,백미밥|설렁탕|차돌박이숙주볶음|표고버섯볶음|저염물김치,97.57779999999983,,RL_기존(i002)
R076,2_난도높음,181,남,72.1,menu,보통,3,False,해물파전,"난도높음: 고신장181cm/남(표준체중72.1kg) + 메뉴지정=""해물파전""(신규앵커, 첫끼)",True,True,False,True,True,True,True,True,True,백미밥|우렁된장찌개|쇠고기숙주볶음|깻잎순나물|해물파전,53.84829999999852,,RL_기존(i002)
R077,2_난도높음,183,여,70.3,menu,보통,3,False,훈제오리구이,"난도높음: 고신장183cm/여(표준체중70.3kg) + 메뉴지정=""훈제오리구이""(신규앵커, 첫끼)",False,False,False,True,True,False,True,True,True,백미밥|맑은콩나물국|훈제오리구이|감자고추장조림|저염오이김치,157.10080000000204,,RL_기존(i002)
R078,2_난도높음,185,남,75.3,menu,보통,3,False,닭강정,"난도높음: 고신장185cm/남(표준체중75.3kg) + 메뉴지정=""닭강정""(신규앵커, 첫끼)",True,True,False,True,True,True,True,True,True,백미밥|육개장|닭강정|치킨가스|파프리카피클,52.62559999999894,,RL_기존(i002)
R079,2_난도높음,187,여,73.4,menu,보통,3,False,가지튀김양념장,"난도높음: 고신장187cm/여(표준체중73.4kg) + 메뉴지정=""가지튀김양념장""(신규앵커, 첫끼)",True,True,False,True,True,True,True,True,True,백미밥|조갯살맑은국|쇠고기숙주볶음|가지튀김양념장|오이피클|쌀과자,66.02769999999936,,RL_기존(i002)
R080,2_난도높음,190,남,79.4,menu,보통,3,False,감자고추장조림,"난도높음: 고신장190cm/남(표준체중79.4kg) + 메뉴지정=""감자고추장조림""(신규앵커, 첫끼)",True,True,False,True,True,True,True,True,True,백미밥|홍합살맑은국|찜닭|감자고추장조림|저염오이김치,107.69110000000026,,RL_기존(i002)
R081,2_난도높음,159,남,55.6,random,빡빡함,2,True,,"난도높음: 키159cm/남(표준체중55.6kg) + meals_left=2(1끼 소비 후, 누적예산 빡빡) + random모드",True,True,False,True,True,True,True,True,True,백미밥|양송이들깨탕|안동찜닭|새송이버섯볶음|비트무피클,41.56159999999787,,RL_기존(i002)
R082,2_난도높음,172,남,65.1,menu,빡빡함,2,True,고추잡채꽃빵,"난도높음: 키172cm/남(표준체중65.1kg) + meals_left=2(1끼 소비 후, 누적예산 빡빡) + menu모드",True,True,False,True,True,True,True,True,True,백미밥|소고기뭇국|고추잡채꽃빵|볼어묵조림|비트무피클,72.7649000000028,,RL_기존(i002)
R083,2_난도높음,163,남,58.5,ingredient,빡빡함,2,True,귤,"난도높음: 키163cm/남(표준체중58.5kg) + meals_left=2(1끼 소비 후, 누적예산 빡빡) + ingredient모드",True,True,False,True,True,True,True,True,True,백미밥|소고기미역국|귤|두부양념조림|새송이피클,40.91889999999765,,RL_기존(i002)
R084,2_난도높음,177,남,68.9,random,빡빡함,2,True,,"난도높음: 키177cm/남(표준체중68.9kg) + meals_left=2(1끼 소비 후, 누적예산 빡빡) + random모드",True,True,False,True,True,True,True,True,True,백미밥|북엇국|돈육폭찹|시금치나물|파프리카피클,42.24320000000148,,RL_기존(i002)
R085,2_난도높음,167,남,61.4,menu,빡빡함,2,True,김달걀말이,"난도높음: 키167cm/남(표준체중61.4kg) + meals_left=2(1끼 소비 후, 누적예산 빡빡) + menu모드",True,True,False,True,True,True,True,True,True,백미밥|물만둣국|김달걀말이|시금치나물|새송이피클,41.40740000000065,,RL_기존(i002)
R086,2_난도높음,169,남,62.8,ingredient,빡빡함,2,True,깍두기,"난도높음: 키169cm/남(표준체중62.8kg) + meals_left=2(1끼 소비 후, 누적예산 빡빡) + ingredient모드",True,True,False,False,True,True,True,True,True,백미밥|시래기된장국|수육보쌈새우젓|가지볶음|저염물김치,47.25870000000043,,RL_기존(i002)
R087,2_난도높음,161,남,57.0,random,빡빡함,2,True,,"난도높음: 키161cm/남(표준체중57.0kg) + meals_left=2(1끼 소비 후, 누적예산 빡빡) + random모드",True,True,False,True,True,True,True,True,True,백미밥|열무된장국|소불고기|시금치나물|파프리카피클,47.65689999999978,,RL_기존(i002)
R088,2_난도높음,175,남,67.4,menu,빡빡함,2,True,너비아니구이,"난도높음: 키175cm/남(표준체중67.4kg) + meals_left=2(1끼 소비 후, 누적예산 빡빡) + menu모드",True,True,False,True,True,True,True,True,True,백미밥|실파달걀국|너비아니구이|한식잡채|비트무피클,41.19520000000065,,RL_기존(i002)
R089,2_난도높음,165,남,59.9,ingredient,빡빡함,2,True,무지개떡,"난도높음: 키165cm/남(표준체중59.9kg) + meals_left=2(1끼 소비 후, 누적예산 빡빡) + ingredient모드",True,True,False,True,True,True,True,True,True,백미밥|감자맑은국|무지개떡|닭볶음탕|새송이피클,50.115299999998086,,RL_기존(i002)
R090,2_난도높음,179,남,70.5,random,빡빡함,2,True,,"난도높음: 키179cm/남(표준체중70.5kg) + meals_left=2(1끼 소비 후, 누적예산 빡빡) + random모드",True,True,False,True,True,True,True,True,True,백미밥|사김포강된장찌개|섭산적|미니새송이버섯볶음|비트무피클,68.79129999999734,,RL_기존(i002)
R091,2_난도높음,146,남,46.9,random,보통,3,False,,"난도높음: 저신장146cm/남(표준체중46.9kg, 극단) + random모드",True,True,False,True,True,True,True,True,True,백미밥|홍합살뭇국|베이컨스크램블에그|청경채나물|저염물김치,45.10020000000026,,RL_기존(i002)
R092,2_난도높음,149,남,48.8,ingredient,보통,3,False,바나나,"난도높음: 저신장149cm/남(표준체중48.8kg, 극단) + ingredient모드",True,True,False,True,True,True,True,True,True,백미밥|시래기된장국|바나나|닭볶음탕|저염물김치,39.67090000000084,,RL_기존(i002)
R093,2_난도높음,152,남,50.8,random,보통,3,False,,"난도높음: 저신장152cm/남(표준체중50.8kg, 극단) + random모드",True,True,False,True,True,True,True,True,True,백미밥|유부미소국|생선가스타르타르소스|과일샐러드|저염물김치,44.17839999999984,,RL_기존(i002)
R094,2_난도높음,155,남,52.9,ingredient,보통,3,False,배,"난도높음: 저신장155cm/남(표준체중52.9kg, 극단) + ingredient모드",True,True,False,True,True,True,True,True,True,백미밥|시래기된장국|닭볶음탕|양배추콘샐러드|비트무피클,43.69910000000132,,RL_기존(i002)
R095,2_난도높음,157,남,54.2,random,보통,3,False,,"난도높음: 저신장157cm/남(표준체중54.2kg, 극단) + random모드",True,True,False,True,True,True,True,True,True,백미밥|시래기된장국|돈채피망볶음|애호박베이컨볶음|저염물김치,48.30000000000112,,RL_기존(i002)
R096,2_난도높음,146,남,46.9,ingredient,보통,3,False,복숭아,"난도높음: 저신장146cm/남(표준체중46.9kg, 극단) + ingredient모드",True,True,False,True,True,True,True,True,True,백미밥|배추된장국|복숭아|닭볶음탕|비트무피클,39.963400000001315,,RL_기존(i002)
R097,2_난도높음,149,남,48.8,random,보통,3,False,,"난도높음: 저신장149cm/남(표준체중48.8kg, 극단) + random모드",True,True,False,True,True,True,True,True,True,백미밥|소고기뭇국|참치채소볶음|브로콜리무침|저염오이김치,50.25459999999882,,RL_기존(i002)
R098,2_난도높음,152,남,50.8,ingredient,보통,3,False,백설기,"난도높음: 저신장152cm/남(표준체중50.8kg, 극단) + ingredient모드",True,True,False,True,True,True,True,True,True,백미밥|육개장|백설기|시금치나물|새송이피클,47.49340000000046,,RL_기존(i002)
R099,2_난도높음,155,남,52.9,random,보통,3,False,,"난도높음: 저신장155cm/남(표준체중52.9kg, 극단) + random모드",True,True,False,True,True,True,True,True,True,백미밥|북어채뭇국|스크램블에그|깻잎순나물|저염물김치,49.62550000000121,,RL_기존(i002)
R100,2_난도높음,157,남,54.2,ingredient,보통,3,False,결명자차,"난도높음: 저신장157cm/남(표준체중54.2kg, 극단) + ingredient모드",True,True,False,True,True,True,True,True,True,백미밥|유부미소국|결명자차|닭볶음탕|비트무피클,41.47610000000057,,RL_기존(i002)
R101,3_경계조건,146,남,46.9,menu,매우빡빡함,1,True,늙은호박조림,"경계조건: 키146cm/남(표준체중46.9kg) + meals_left=1(마지막끼, 2끼 소비 후) + menu모드",True,True,False,True,True,True,True,True,True,백미밥|콩비지백탕|두부달걀구이|늙은호박조림|저염오이김치,38.49569999999858,,RL_기존(i002)
R102,3_경계조건,149,남,48.8,ingredient,매우빡빡함,1,True,두유,"경계조건: 키149cm/남(표준체중48.8kg) + meals_left=1(마지막끼, 2끼 소비 후) + ingredient모드",True,True,False,True,True,True,True,True,True,백미밥|북엇국|두유|새송이버섯볶음|새송이피클,39.868300000001966,,RL_기존(i002)
R103,3_경계조건,152,남,50.8,random,매우빡빡함,1,True,,"경계조건: 키152cm/남(표준체중50.8kg) + meals_left=1(마지막끼, 2끼 소비 후) + random모드",True,True,False,True,True,True,True,True,True,백미밥|콩나물국|참치채소볶음|얼갈이나물|파프리카피클,40.70779999999985,,RL_기존(i002)
R104,3_경계조건,155,남,52.9,menu,매우빡빡함,1,True,닭갈비,"경계조건: 키155cm/남(표준체중52.9kg) + meals_left=1(마지막끼, 2끼 소비 후) + menu모드",True,True,False,True,True,True,True,True,True,백미밥|동태쑥갓국|닭갈비|청포묵무침|파프리카피클,42.79939999999982,,RL_기존(i002)
R105,3_경계조건,157,남,54.2,ingredient,매우빡빡함,1,True,녹차,"경계조건: 키157cm/남(표준체중54.2kg) + meals_left=1(마지막끼, 2끼 소비 후) + ingredient모드",True,True,False,True,True,True,True,True,True,백미밥|황태채뭇국|녹차|가지나물|비트무피클,38.56839999999906,,RL_기존(i002)
R106,3_경계조건,146,남,46.9,random,매우빡빡함,1,True,,"경계조건: 키146cm/남(표준체중46.9kg) + meals_left=1(마지막끼, 2끼 소비 후) + random모드",True,True,False,True,True,True,True,True,True,백미밥|다시마감자국|소고기우엉볶음|연두부새싹채소샐러드|오이피클,40.6556000000009,,RL_기존(i002)
R107,3_경계조건,149,남,48.8,menu,매우빡빡함,1,True,돈갈비찜,"경계조건: 키149cm/남(표준체중48.8kg) + meals_left=1(마지막끼, 2끼 소비 후) + menu모드",True,True,False,True,True,True,True,True,True,백미밥|양송이들깨탕|돈갈비찜|청포묵무침|저염물김치,37.913199999998426,,RL_기존(i002)
R108,3_경계조건,152,남,50.8,ingredient,매우빡빡함,1,True,햄,"경계조건: 키152cm/남(표준체중50.8kg) + meals_left=1(마지막끼, 2끼 소비 후) + ingredient모드",True,True,False,True,True,True,True,True,True,백미밥|부대찌개|너비아니구이|곤드레나물|파프리카피클,41.006900000002844,,RL_기존(i002)
R109,3_경계조건,155,남,52.9,random,매우빡빡함,1,True,,"경계조건: 키155cm/남(표준체중52.9kg) + meals_left=1(마지막끼, 2끼 소비 후) + random모드",True,True,False,True,True,True,True,True,True,백미밥|물만둣국|참치채소볶음|감자채볶음|오이피클,40.64040000000091,,RL_기존(i002)
R110,3_경계조건,157,남,54.2,menu,매우빡빡함,1,True,동태무조림,"경계조건: 키157cm/남(표준체중54.2kg) + meals_left=1(마지막끼, 2끼 소비 후) + menu모드",True,True,False,True,True,True,True,True,True,백미밥|콩비지백탕|동태무조림|비름나물|저염오이김치,47.7331999999997,,RL_기존(i002)
R111,3_경계조건,181,남,72.1,ingredient,매우빡빡함,1,True,매실,"경계조건: 키181cm/남(표준체중72.1kg) + meals_left=1(마지막끼, 2끼 소비 후) + ingredient모드",True,True,False,True,True,True,True,True,True,백미밥|배추된장국|닭볶음탕|양념깻잎지|비트무피클,41.26820000000109,,RL_기존(i002)
R112,3_경계조건,183,남,73.7,random,매우빡빡함,1,True,,"경계조건: 키183cm/남(표준체중73.7kg) + meals_left=1(마지막끼, 2끼 소비 후) + random모드",True,True,False,True,True,True,True,True,True,백미밥|쇠고기무국|돈갈비찜|부추양파무침|저염물김치,66.81790000000021,,RL_기존(i002)
R113,3_경계조건,185,남,75.3,menu,매우빡빡함,1,True,두부구이,"경계조건: 키185cm/남(표준체중75.3kg) + meals_left=1(마지막끼, 2끼 소비 후) + menu모드",True,True,False,True,True,True,True,True,True,백미밥|들깨무챗국|소고기당면볶음|두부구이|부추양파무침,41.84309999999769,,RL_기존(i002)
R114,3_경계조건,187,남,76.9,ingredient,매우빡빡함,1,True,멜론,"경계조건: 키187cm/남(표준체중76.9kg) + meals_left=1(마지막끼, 2끼 소비 후) + ingredient모드",True,True,False,True,True,True,True,True,True,백미밥|아욱된장국|메론|닭볶음탕|저염오이김치|쑥떡,166.51170000000093,,RL_기존(i002)
R115,3_경계조건,190,남,79.4,random,매우빡빡함,1,True,,"경계조건: 키190cm/남(표준체중79.4kg) + meals_left=1(마지막끼, 2끼 소비 후) + random모드",True,True,False,True,True,True,True,True,True,백미밥|양배추된장국|닭살감자조림|참나물무침|저염오이김치,86.25409999999789,,RL_기존(i002)
R116,3_경계조건,181,남,72.1,menu,매우빡빡함,1,True,떡갈비구이,"경계조건: 키181cm/남(표준체중72.1kg) + meals_left=1(마지막끼, 2끼 소비 후) + menu모드",True,True,False,True,True,True,True,True,True,백미밥|우렁된장찌개|떡갈비구이|달걀후라이|브로콜리숙회초고추장,46.30200000000073,,RL_기존(i002)
R117,3_경계조건,183,남,73.7,ingredient,매우빡빡함,1,True,땅콩샌드,"경계조건: 키183cm/남(표준체중73.7kg) + meals_left=1(마지막끼, 2끼 소비 후) + ingredient모드",True,True,False,False,True,True,True,True,True,백미밥|소고기뭇국|해물파전|가지나물,47.57229999999879,,RL_기존(i002)
R118,3_경계조건,185,남,75.3,random,매우빡빡함,1,True,,"경계조건: 키185cm/남(표준체중75.3kg) + meals_left=1(마지막끼, 2끼 소비 후) + random모드",True,True,False,True,True,True,True,True,True,짜장밥|달걀실파국|너비아니구이|짜사이채무침|저염물김치,56.634799999997654,,RL_기존(i002)
R119,3_경계조건,187,남,76.9,menu,매우빡빡함,1,True,맛살브로콜리볶음,"경계조건: 키187cm/남(표준체중76.9kg) + meals_left=1(마지막끼, 2끼 소비 후) + menu모드",True,True,False,True,True,True,True,True,True,백미밥|소고기뭇국|닭살굴소스조림|맛살브로콜리볶음|저염물김치,49.04780000000386,,RL_기존(i002)
R120,3_경계조건,190,남,79.4,ingredient,매우빡빡함,1,True,꽃게,"경계조건: 키190cm/남(표준체중79.4kg) + meals_left=1(마지막끼, 2끼 소비 후) + ingredient모드",True,True,False,True,True,True,True,True,True,백미밥|꽃게탕|너비아니구이|가지볶음|저염오이김치,85.3566999999984,,RL_기존(i002)
